# Blender v3.6.2 OBJ File: 'Merged.blend'
# www.blender.org
mtllib Merged.mtl
o Cabinet1_object_1.001
v 27.916666 -0.000001 -12.416667
v 31.500000 -0.000001 -12.416667
v 31.500000 2.916666 -12.416667
v 27.916666 2.916666 -12.416667
v 31.500000 -0.000001 -12.416667
v 31.500000 -0.000001 -17.337500
v 31.500000 2.916666 -17.337500
v 31.500000 2.916666 -12.416667
v 31.500000 -0.000001 -17.337500
v 27.916666 -0.000001 -17.337500
v 27.916666 2.916666 -17.337500
v 31.500000 2.916666 -17.337500
v 27.916666 -0.000001 -17.337500
v 27.916666 -0.000001 -12.416667
v 27.916666 2.916666 -12.416667
v 27.916666 2.916666 -17.337500
v 34.166668 0.049999 -19.837500
v 34.166668 0.049999 -9.750000
v 34.166668 2.916666 -9.750000
v 34.166668 2.916665 -19.837500
v 34.166668 0.049999 -9.750000
v 28.250000 0.049999 -9.750000
v 28.250000 2.916666 -9.750000
v 34.166668 2.916666 -9.750000
v 27.916666 2.999999 -12.416667
v 27.916666 2.999999 -17.337500
v 27.916666 2.916666 -17.337500
v 27.916666 2.916666 -12.416667
v 31.500000 2.999999 -17.337500
v 31.500000 2.916666 -17.337500
v 31.500000 2.999999 -12.416667
v 31.500000 2.916666 -12.416667
v 36.166668 3.000000 -7.750000
v 28.250000 3.000000 -7.750000
v 28.250000 2.916666 -7.750000
v 36.166668 2.916666 -7.750000
v 28.250000 2.999999 -9.750000
v 28.250000 2.916666 -9.750000
v 34.166668 2.999999 -9.750000
v 34.166668 2.916666 -9.750000
v 34.166668 2.999999 -19.837500
v 34.166668 2.916665 -19.837500
v 36.166668 2.999999 -19.837500
v 36.166668 2.916665 -19.837500
v 36.166668 0.049999 -7.750000
v 36.166668 0.049999 -19.837500
v 36.166668 2.916665 -19.837500
v 36.166668 2.916666 -7.750000
v 28.250000 0.049999 -7.750000
v 36.166668 0.049999 -7.750000
v 36.166668 2.916666 -7.750000
v 28.250000 2.916666 -7.750000
vt 0.204565 0.947992
vt 0.204565 0.699509
vt 0.406819 0.699509
vt 0.406819 0.947992
vt 0.815949 0.410286
vt 0.815949 0.751517
vt 0.613695 0.751517
vt 0.613695 0.410286
vt 0.613695 1.000000
vt 0.613695 0.751517
vt 0.815949 0.751517
vt 0.815949 1.000000
vt 0.409130 0.890205
vt 0.409130 0.548974
vt 0.611384 0.548974
vt 0.611384 0.890205
vt 0.204565 0.699509
vt 0.204565 0.000000
vt 0.403352 0.000000
vt 0.403352 0.699509
vt 0.613695 0.410286
vt 0.613695 -0.000000
vt 0.812482 -0.000000
vt 0.812482 0.410286
vt 0.821728 0.410286
vt 0.821728 0.751517
vt 0.815949 0.751517
vt 0.815949 0.410286
vt 0.827506 0.410286
vt 0.827506 0.658769
vt 0.821728 0.658769
vt 0.821728 0.410286
vt 0.818261 0.341231
vt 0.818261 0.000000
vt 0.824039 0.000000
vt 0.824039 0.341231
vt 0.829818 -0.000000
vt 0.829818 0.248483
vt 0.824039 0.248483
vt 0.613695 0.000000
vt 0.613695 0.548975
vt 0.607917 0.548975
vt 0.607917 0.000000
vt 0.829818 0.248483
vt 0.829818 0.387171
vt 0.824039 0.387171
vt 0.824039 0.248483
vt 0.818260 -0.000000
vt 0.818261 0.410286
vt 0.812482 0.410286
vt 0.812482 -0.000000
vt 0.409130 0.000000
vt 0.409130 0.699509
vt 0.403352 0.699509
vt 0.403352 0.000000
vt 0.827506 0.658769
vt 0.827506 0.797457
vt 0.821728 0.797457
vt 0.821728 0.658769
vt 0.198786 0.838197
vt 0.198786 0.000000
vt 0.204565 0.000000
vt 0.204565 0.838197
vt 0.198786 0.000000
vt 0.198786 0.838197
vt 0.000000 0.838197
vt 0.000000 0.000000
vt 0.409130 0.548975
vt 0.409130 0.000000
vt 0.607917 0.000000
vt 0.607917 0.548975
vn 0.0000 0.0000 1.0000
vn 1.0000 0.0000 0.0000
vn 0.0000 0.0000 -1.0000
vn -1.0000 0.0000 0.0000
g Cabinet1_object_1.001_Cabinet
usemtl Cabinet
s 1
f 1/1/1 2/2/1 3/3/1 4/4/1
f 5/5/2 6/6/2 7/7/2 8/8/2
f 9/9/3 10/10/3 11/11/3 12/12/3
f 13/13/4 14/14/4 15/15/4 16/16/4
f 17/17/4 18/18/4 19/19/4 20/20/4
f 21/21/3 22/22/3 23/23/3 24/24/3
f 25/25/4 26/26/4 27/27/4 28/28/4
f 26/29/3 29/30/3 30/31/3 27/32/3
f 29/33/2 31/34/2 32/35/2 30/36/2
f 31/37/1 25/38/1 28/39/1 32/35/1
f 33/40/1 34/41/1 35/42/1 36/43/1
f 34/44/4 37/45/4 38/46/4 35/47/4
f 37/48/3 39/49/3 40/50/3 38/51/3
f 39/52/4 41/53/4 42/54/4 40/55/4
f 41/56/3 43/57/3 44/58/3 42/59/3
f 43/60/2 33/61/2 36/62/2 44/63/2
f 45/64/2 46/65/2 47/66/2 48/67/2
f 49/68/1 50/69/1 51/70/1 52/71/1
o Interior_Wall_object_45
v 36.166668 9.999999 -7.750001
v 36.166668 9.999998 -19.837500
v 36.166668 -0.000001 -19.837500
v 36.166668 -0.000001 -7.750000
v 36.166668 0.049999 -19.837500
v 34.166668 0.049999 -19.837500
v 34.166668 2.916665 -19.837500
v 36.166668 2.916665 -19.837500
v 28.250000 0.049999 -9.750000
v 28.250000 0.049999 -7.750000
v 28.250000 2.916666 -7.750000
v 28.250000 2.916666 -9.750000
v 0.000000 9.999999 -9.750001
v 22.666666 9.999999 -9.750001
v 22.666666 -0.000001 -9.750000
v 0.000000 -0.000001 -9.750000
v 22.666666 3.333333 -9.750000
v 22.666666 3.333333 -9.083333
v 22.666666 -0.000001 -9.083333
v 22.666666 -0.000001 -9.750000
v 22.666666 6.666666 -9.750001
v 22.666666 6.666666 -9.083334
v 22.666666 9.999999 -9.750001
v 22.666666 9.999999 -9.083334
v 22.333334 1.666666 -9.083333
v 22.333334 -0.000001 -9.083333
v 22.666666 -0.000001 -9.083333
v 22.666666 1.666666 -9.083333
v 22.666666 3.333333 -9.083333
v 22.666666 5.000000 -9.083333
v 22.666666 6.666666 -9.083334
v 22.666666 8.333332 -9.083334
v 22.666666 9.999999 -9.083334
v 22.333334 9.999999 -9.083334
v 22.333334 8.333332 -9.083334
v 22.333334 6.666666 -9.083334
v 22.333334 5.000000 -9.083333
v 22.333334 3.333333 -9.083333
v 22.333334 1.999999 -9.083333
v 22.333334 1.999999 -9.416667
v 22.333334 -0.000001 -9.416667
v 22.333334 -0.000001 -9.083333
v 22.333334 3.999999 -9.083333
v 22.333334 3.999999 -9.416667
v 22.333334 6.000000 -9.083333
v 22.333334 6.000000 -9.416667
v 22.333334 8.000000 -9.083334
v 22.333334 8.000000 -9.416668
v 22.333334 9.999999 -9.083334
v 22.333334 9.999999 -9.416668
v 22.333334 9.999999 -9.416668
v 7.166667 9.999999 -9.416668
v 7.166667 -0.000001 -9.416667
v 22.333334 -0.000001 -9.416667
v 7.166667 9.999999 -9.416668
v 7.166667 10.000000 -2.166667
v 7.166667 -0.000000 -2.166667
v 7.166667 -0.000001 -9.416667
v 7.166667 10.000000 -2.166667
v 5.166667 10.000000 -2.166667
v 5.166667 -0.000000 -2.166667
v 7.166667 -0.000000 -2.166667
v 5.166667 2.000000 -2.166667
v 5.166667 2.000000 -2.500000
v 5.166667 -0.000000 -2.500000
v 5.166667 -0.000000 -2.166667
v 5.166667 4.000000 -2.166667
v 5.166667 4.000000 -2.500000
v 5.166667 6.000000 -2.166667
v 5.166667 6.000000 -2.500000
v 5.166667 8.000000 -2.166667
v 5.166667 8.000000 -2.500001
v 5.166667 10.000000 -2.166667
v 5.166667 10.000000 -2.500001
v 5.166667 5.000000 -2.500000
v 6.833333 5.000000 -2.500000
v 6.833333 -0.000000 -2.500000
v 5.166667 -0.000000 -2.500000
v 5.166667 10.000000 -2.500001
v 6.833333 10.000000 -2.500001
v 6.833333 10.000000 -2.500001
v 6.833333 9.999999 -9.416668
v 6.833333 -0.000001 -9.416667
v 6.833333 -0.000000 -2.500000
v 6.833333 9.999999 -9.416668
v 0.833333 9.999999 -9.416668
v 0.833333 -0.000001 -9.416667
v 6.833333 -0.000001 -9.416667
v 0.833333 9.999999 -9.416668
v 0.833333 10.000000 1.166666
v 0.833333 0.000000 1.166667
v 0.833333 -0.000001 -9.416667
v 0.833333 10.000000 1.166666
v 6.833333 10.000000 1.166666
v 6.833333 0.000000 1.166667
v 0.833333 0.000000 1.166667
v 6.833333 1.666667 0.833333
v 6.833333 0.000000 0.833333
v 6.833333 0.000000 1.166667
v 6.833333 1.666667 1.166667
v 6.833333 3.333333 1.166666
v 6.833333 5.000000 1.166666
v 6.833333 6.666667 1.166666
v 6.833333 8.333333 1.166666
v 6.833333 10.000000 1.166666
v 6.833333 10.000000 0.833333
v 6.833333 8.333333 0.833333
v 6.833333 6.666667 0.833333
v 6.833333 5.000000 0.833333
v 6.833333 3.333333 0.833333
v 6.833333 2.000000 0.833333
v 7.166667 2.000000 0.833333
v 7.166667 0.000000 0.833333
v 6.833333 0.000000 0.833333
v 6.833333 4.000000 0.833333
v 7.166667 4.000000 0.833333
v 6.833333 6.000000 0.833333
v 7.166667 6.000000 0.833333
v 6.833333 8.000000 0.833333
v 7.166667 8.000000 0.833333
v 6.833333 10.000000 0.833333
v 7.166667 10.000000 0.833333
v 7.166667 5.000000 0.833333
v 7.166667 5.000000 2.000000
v 7.166667 0.000000 2.000000
v 7.166667 0.000000 0.833333
v 7.166667 10.000000 0.833333
v 7.166667 10.000000 1.999999
v 22.333334 10.000000 1.999999
v 22.333334 9.999999 -6.333334
v 22.333334 -0.000000 -6.333333
v 22.333334 0.000000 2.000000
v 22.666666 1.666666 -6.333333
v 22.666666 -0.000000 -6.333333
v 22.333334 -0.000000 -6.333333
v 22.333334 1.666666 -6.333333
v 22.333334 3.333333 -6.333334
v 22.333334 5.000000 -6.333334
v 22.333334 6.666666 -6.333334
v 22.333334 8.333332 -6.333334
v 22.333334 9.999999 -6.333334
v 22.666666 9.999999 -6.333334
v 22.666666 8.333332 -6.333334
v 22.666666 6.666666 -6.333334
v 22.666666 5.000000 -6.333334
v 22.666666 3.333333 -6.333334
v 22.666666 9.999999 -6.333334
v 22.666666 10.000000 1.166666
v 22.666666 0.000000 1.166667
v 22.666666 -0.000000 -6.333333
v 22.666666 10.000000 1.166666
v 27.833334 10.000000 1.166666
v 27.833334 0.000000 1.166667
v 22.666666 0.000000 1.166667
v 27.833334 10.000000 1.166666
v 27.833334 10.000000 -4.000001
v 27.833334 -0.000000 -4.000000
v 27.833334 0.000000 1.166667
v 27.833334 10.000000 -4.000001
v 25.333334 10.000000 -4.000001
v 25.333334 -0.000000 -4.000000
v 27.833334 -0.000000 -4.000000
v 25.333334 1.666666 -4.333333
v 25.333334 -0.000000 -4.333333
v 25.333334 -0.000000 -4.000000
v 25.333334 1.666666 -4.000000
v 25.333334 3.333333 -4.000000
v 25.333334 5.000000 -4.000000
v 25.333334 6.666666 -4.000000
v 25.333334 8.333333 -4.000000
v 25.333334 10.000000 -4.000001
v 25.333334 10.000000 -4.333334
v 25.333334 8.333333 -4.333334
v 25.333334 6.666666 -4.333334
v 25.333334 5.000000 -4.333334
v 25.333334 3.333333 -4.333334
v 25.333334 10.000000 -4.333334
v 28.166666 10.000000 -4.333334
v 28.166666 -0.000000 -4.333333
v 25.333334 -0.000000 -4.333333
v 28.166666 10.000000 -4.333334
v 28.166666 10.000000 1.166666
v 28.166666 0.000000 1.166667
v 28.166666 -0.000000 -4.333333
v 28.166666 10.000000 1.166666
v 36.166668 10.000000 1.166666
v 36.166668 0.000000 1.166667
v 28.166666 0.000000 1.166667
v 36.166668 10.000000 1.166666
v 36.166668 9.999999 -7.416667
v 36.166668 -0.000001 -7.416667
v 36.166668 0.000000 1.166667
v 36.166668 9.999999 -7.416667
v 28.166666 9.999999 -7.416667
v 28.166666 -0.000001 -7.416667
v 36.166668 -0.000001 -7.416667
v 28.166666 1.999999 -7.416667
v 28.166666 2.000000 -7.083333
v 28.166666 -0.000001 -7.083333
v 28.166666 -0.000001 -7.416667
v 28.166666 4.000000 -7.416667
v 28.166666 4.000000 -7.083334
v 28.166666 6.000000 -7.416667
v 28.166666 6.000000 -7.083334
v 28.166666 8.000000 -7.416667
v 28.166666 8.000000 -7.083334
v 28.166666 9.999999 -7.416667
v 28.166666 9.999999 -7.083334
v 28.166666 2.000000 -7.083333
v 27.833334 2.000000 -7.083333
v 27.833334 -0.000001 -7.083333
v 28.166666 -0.000001 -7.083333
v 28.166666 4.000000 -7.083334
v 27.833334 4.000000 -7.083334
v 28.166666 6.000000 -7.083334
v 27.833334 6.000000 -7.083334
v 28.166666 8.000000 -7.083334
v 27.833334 8.000000 -7.083334
v 28.166666 9.999999 -7.083334
v 27.833334 9.999999 -7.083334
v 27.833334 9.999999 -7.083334
v 27.833334 9.999999 -9.750001
v 27.833334 -0.000001 -9.750000
v 27.833334 -0.000001 -7.083333
v 27.833334 1.999999 -9.750000
v 28.166666 1.999999 -9.750000
v 28.166666 -0.000001 -9.750000
v 27.833334 -0.000001 -9.750000
v 27.833334 3.999999 -9.750000
v 28.166666 3.999999 -9.750000
v 27.833334 5.999999 -9.750000
v 28.166666 5.999999 -9.750000
v 27.833334 7.999999 -9.750001
v 28.166666 7.999999 -9.750001
v 27.833334 9.999999 -9.750001
v 28.166666 9.999999 -9.750001
v 28.166666 9.999999 -9.750001
v 28.166666 9.999999 -7.750001
v 28.166666 -0.000001 -7.750000
v 28.166666 -0.000001 -9.750000
v 28.166666 9.999999 -7.750001
v 36.166668 9.999999 -7.750001
v 36.166668 -0.000001 -7.750000
v 28.166666 -0.000001 -7.750000
v 36.166668 9.999998 -19.837500
v 34.166668 9.999998 -19.837500
v 34.166668 -0.000001 -19.837500
v 36.166668 -0.000001 -19.837500
v 34.166668 1.666665 -20.170834
v 34.166668 -0.000002 -20.170834
v 34.166668 -0.000001 -19.837500
v 34.166668 1.666665 -19.837500
v 34.166668 3.333332 -19.837500
v 34.166668 4.999999 -19.837500
v 34.166668 6.666665 -19.837500
v 34.166668 8.333331 -19.837500
v 34.166668 9.999998 -19.837500
v 34.166668 9.999998 -20.170834
v 34.166668 8.333331 -20.170834
v 34.166668 6.666665 -20.170834
v 34.166668 4.999999 -20.170834
v 34.166668 3.333332 -20.170834
v 34.166668 9.999998 -20.170834
v 36.166668 9.999998 -20.170834
v 36.166668 -0.000002 -20.170834
v 34.166668 -0.000002 -20.170834
v 36.166668 9.999998 -20.170834
v 36.166668 9.999998 -23.170834
v 36.166668 -0.000002 -23.170834
v 36.166668 -0.000002 -20.170834
v 36.166668 9.999998 -23.170834
v 0.000000 9.999998 -23.170834
v 0.000000 -0.000002 -23.170834
v 36.166668 -0.000002 -23.170834
vt 0.248592 0.591475
vt 0.248592 0.368664
vt 0.371480 0.368664
vt 0.371480 0.591475
vt 0.650026 0.976959
vt 0.650026 0.921659
vt 0.673511 0.921659
vt 0.673511 0.976959
vt 0.666411 0.964055
vt 0.650026 0.964055
vt 0.650026 0.884793
vt 0.666411 0.884793
vt 0.248592 0.000000
vt 0.527138 -0.000000
vt 0.527138 0.184332
vt 0.248592 0.184332
vt 0.568100 0.863287
vt 0.568100 0.875576
vt 0.527138 0.875576
vt 0.527138 0.863287
vt 0.609063 0.863287
vt 0.609063 0.875576
vt 0.650026 0.863287
vt 0.650026 0.875576
vt 0.761990 0.520737
vt 0.748336 0.520737
vt 0.748336 0.511521
vt 0.761990 0.511521
vt 0.775644 0.511521
vt 0.789299 0.511521
vt 0.802953 0.511521
vt 0.816607 0.511521
vt 0.830261 0.511521
vt 0.830261 0.520737
vt 0.816607 0.520737
vt 0.802953 0.520737
vt 0.789299 0.520737
vt 0.775644 0.520737
vt 0.625448 0.881721
vt 0.625448 0.875576
vt 0.650026 0.875576
vt 0.650026 0.881721
vt 0.600870 0.881721
vt 0.600870 0.875576
vt 0.576293 0.881721
vt 0.576293 0.875576
vt 0.551715 0.881721
vt 0.551715 0.875576
vt 0.527138 0.881721
vt 0.527138 0.875576
vt 0.248592 0.184332
vt 0.434972 0.184332
vt 0.434972 0.368664
vt 0.248592 0.368664
vt 0.650026 0.291859
vt 0.650026 0.425499
vt 0.527138 0.425499
vt 0.527138 0.291859
vt 0.830261 0.290323
vt 0.830261 0.345622
vt 0.748336 0.345622
vt 0.748336 0.290323
vt 0.625448 0.900154
vt 0.625448 0.894010
vt 0.650026 0.894010
vt 0.650026 0.900154
vt 0.600870 0.900154
vt 0.600870 0.894010
vt 0.576293 0.900154
vt 0.576293 0.894010
vt 0.551715 0.900154
vt 0.551715 0.894010
vt 0.527138 0.900154
vt 0.527138 0.894010
vt 0.789299 0.456221
vt 0.789299 0.502304
vt 0.748336 0.502304
vt 0.748336 0.456221
vt 0.830261 0.456221
vt 0.830261 0.502304
vt 0.527138 0.552996
vt 0.527138 0.425499
vt 0.650026 0.425499
vt 0.650026 0.552996
vt 0.731951 0.552995
vt 0.731951 0.718894
vt 0.650026 0.718894
vt 0.650026 0.552995
vt 0.371480 0.591475
vt 0.371480 0.786559
vt 0.248592 0.786559
vt 0.248592 0.591475
vt 0.731951 0.718894
vt 0.731951 0.884793
vt 0.650026 0.884793
vt 0.650026 0.718894
vt 0.629544 0.900154
vt 0.650026 0.900154
vt 0.650026 0.906298
vt 0.629544 0.906298
vt 0.609063 0.906298
vt 0.588582 0.906298
vt 0.568100 0.906298
vt 0.547619 0.906298
vt 0.527138 0.906298
vt 0.527138 0.900154
vt 0.547619 0.900154
vt 0.568100 0.900154
vt 0.588582 0.900154
vt 0.609063 0.900154
vt 0.764721 0.502304
vt 0.764721 0.511521
vt 0.748336 0.511521
vt 0.748336 0.502304
vt 0.781106 0.502304
vt 0.781106 0.511521
vt 0.797491 0.502304
vt 0.797491 0.511521
vt 0.813876 0.502304
vt 0.813876 0.511521
vt 0.830261 0.502304
vt 0.830261 0.511521
vt 0.588582 0.841782
vt 0.588582 0.863287
vt 0.527138 0.863287
vt 0.527138 0.841782
vt 0.650026 0.841782
vt 0.650026 0.863287
vt 0.527138 0.153610
vt 0.527138 0.000000
vt 0.650026 -0.000000
vt 0.650026 0.153610
vt 0.761990 0.529954
vt 0.748336 0.529954
vt 0.748336 0.520737
vt 0.761990 0.520737
vt 0.775644 0.520737
vt 0.789299 0.520737
vt 0.802953 0.520737
vt 0.816607 0.520737
vt 0.830261 0.520737
vt 0.830261 0.529954
vt 0.816607 0.529954
vt 0.802953 0.529954
vt 0.789299 0.529954
vt 0.775644 0.529954
vt 0.650026 0.153610
vt 0.650026 0.291859
vt 0.527138 0.291859
vt 0.527138 0.153610
vt 0.830261 -0.000000
vt 0.830261 0.142857
vt 0.748336 0.142857
vt 0.748336 -0.000000
vt 0.527138 0.749616
vt 0.527138 0.654378
vt 0.650026 0.654378
vt 0.650026 0.749616
vt 0.830261 0.221198
vt 0.830261 0.290323
vt 0.748336 0.290323
vt 0.748336 0.221198
vt 0.629544 0.881721
vt 0.650026 0.881721
vt 0.650026 0.887865
vt 0.629544 0.887865
vt 0.609063 0.887865
vt 0.588582 0.887865
vt 0.568100 0.887865
vt 0.547619 0.887865
vt 0.527138 0.887865
vt 0.527138 0.881721
vt 0.547619 0.881721
vt 0.568100 0.881721
vt 0.588582 0.881721
vt 0.609063 0.881721
vt 0.830261 0.142857
vt 0.830261 0.221198
vt 0.748336 0.221198
vt 0.748336 0.142857
vt 0.650026 0.552996
vt 0.650026 0.654378
vt 0.527138 0.654378
vt 0.527138 0.552996
vt 0.650026 0.000000
vt 0.748336 0.000000
vt 0.748336 0.184332
vt 0.650026 0.184332
vt 0.248592 0.944777
vt 0.248592 0.786559
vt 0.371480 0.786559
vt 0.371480 0.944777
vt 0.650026 0.184332
vt 0.748336 0.184332
vt 0.748336 0.368664
vt 0.650026 0.368664
vt 0.551715 0.887865
vt 0.551715 0.894009
vt 0.527138 0.894009
vt 0.527138 0.887865
vt 0.576293 0.887865
vt 0.576293 0.894009
vt 0.600870 0.887865
vt 0.600870 0.894009
vt 0.625448 0.887865
vt 0.625448 0.894009
vt 0.650026 0.887865
vt 0.650026 0.894009
vt 0.764721 0.529954
vt 0.764721 0.539171
vt 0.748336 0.539171
vt 0.748336 0.529954
vt 0.781106 0.529954
vt 0.781106 0.539171
vt 0.797491 0.529954
vt 0.797491 0.539171
vt 0.813876 0.529954
vt 0.813876 0.539171
vt 0.830261 0.529954
vt 0.830261 0.539171
vt 0.248592 0.944777
vt 0.270439 0.944777
vt 0.270439 1.221275
vt 0.248592 1.221275
vt 0.764721 0.539170
vt 0.764721 0.548387
vt 0.748336 0.548387
vt 0.748336 0.539170
vt 0.781106 0.539170
vt 0.781106 0.548387
vt 0.797491 0.539170
vt 0.797491 0.548387
vt 0.813876 0.539170
vt 0.813876 0.548387
vt 0.830261 0.539170
vt 0.830261 0.548387
vt 0.650026 0.804916
vt 0.650026 0.841782
vt 0.527138 0.841782
vt 0.527138 0.804916
vt 0.650026 0.368664
vt 0.748336 0.368664
vt 0.748336 0.552995
vt 0.650026 0.552995
vt 0.830261 0.345622
vt 0.830261 0.400922
vt 0.748336 0.400922
vt 0.748336 0.345622
vt 0.629544 0.906298
vt 0.650026 0.906298
vt 0.650026 0.912443
vt 0.629544 0.912443
vt 0.609063 0.912443
vt 0.588582 0.912443
vt 0.568100 0.912443
vt 0.547619 0.912443
vt 0.527138 0.912443
vt 0.527138 0.906298
vt 0.547619 0.906298
vt 0.568100 0.906298
vt 0.588582 0.906298
vt 0.609063 0.906298
vt 0.830261 0.400922
vt 0.830261 0.456221
vt 0.748336 0.456221
vt 0.748336 0.400922
vt 0.527138 0.804916
vt 0.527138 0.749616
vt 0.650026 0.749616
vt 0.650026 0.804916
vt 0.248592 -0.000000
vt 0.248592 1.000000
vt 0.166667 1.000000
vt 0.166667 0.000000
vn -1.0000 0.0000 0.0000
vn 0.0000 0.0000 -1.0000
vn 1.0000 0.0000 0.0000
vn -0.0000 0.0000 1.0000
g Interior_Wall_object_45_Material.002
usemtl Material.002
s 1
f 53/72/5 54/73/5 55/74/5 56/75/5
f 57/76/6 58/77/6 59/78/6 60/79/6
f 61/80/5 62/81/5 63/82/5 64/83/5
f 65/84/6 66/85/6 67/86/6 68/87/6
f 69/88/7 70/89/7 71/90/7 72/91/7
f 73/92/7 74/93/7 70/89/7 69/88/7
f 75/94/7 76/95/7 74/93/7 73/92/7
f 77/96/8 78/97/8 79/98/8 80/99/8 81/100/8 82/101/8 83/102/8 84/103/8 85/104/8 86/105/8 87/106/8 88/107/8 89/108/8 90/109/8
f 91/110/5 92/111/5 93/112/5 94/113/5
f 95/114/5 96/115/5 92/111/5 91/110/5
f 97/116/5 98/117/5 96/115/5 95/114/5
f 99/118/5 100/119/5 98/117/5 97/116/5
f 101/120/5 102/121/5 100/119/5 99/118/5
f 103/122/8 104/123/8 105/124/8 106/125/8
f 107/126/7 108/127/7 109/128/7 110/129/7
f 111/130/8 112/131/8 113/132/8 114/133/8
f 115/134/5 116/135/5 117/136/5 118/137/5
f 119/138/5 120/139/5 116/135/5 115/134/5
f 121/140/5 122/141/5 120/139/5 119/138/5
f 123/142/5 124/143/5 122/141/5 121/140/5
f 125/144/5 126/145/5 124/143/5 123/142/5
f 127/146/6 128/147/6 129/148/6 130/149/6
f 131/150/6 132/151/6 128/147/6 127/146/6
f 133/152/5 134/153/5 135/154/5 136/155/5
f 137/156/8 138/157/8 139/158/8 140/159/8
f 141/160/7 142/161/7 143/162/7 144/163/7
f 145/164/6 146/165/6 147/166/6 148/167/6
f 149/168/5 150/169/5 151/170/5 152/171/5 153/172/5 154/173/5 155/174/5 156/175/5 157/176/5 158/177/5 159/178/5 160/179/5 161/180/5 162/181/5
f 163/182/6 164/183/6 165/184/6 166/185/6
f 167/186/6 168/187/6 164/183/6 163/182/6
f 169/188/6 170/189/6 168/187/6 167/186/6
f 171/190/6 172/191/6 170/189/6 169/188/6
f 173/192/6 174/193/6 172/191/6 171/190/6
f 175/194/7 176/195/7 177/196/7 178/197/7
f 179/198/7 180/199/7 176/195/7 175/194/7
f 181/200/5 182/201/5 183/202/5 184/203/5
f 185/204/6 186/205/6 187/206/6 188/207/6 189/208/6 190/209/6 191/210/6 192/211/6 193/212/6 194/213/6 195/214/6 196/215/6 197/216/6 198/217/6
f 199/218/7 200/219/7 201/220/7 202/221/7
f 203/222/6 204/223/6 205/224/6 206/225/6
f 207/226/5 208/227/5 209/228/5 210/229/5
f 211/230/8 212/231/8 213/232/8 214/233/8
f 215/234/5 216/235/5 217/236/5 218/237/5 219/238/5 220/239/5 221/240/5 222/241/5 223/242/5 224/243/5 225/244/5 226/245/5 227/246/5 228/247/5
f 229/248/6 230/249/6 231/250/6 232/251/6
f 233/252/7 234/253/7 235/254/7 236/255/7
f 237/256/6 238/257/6 239/258/6 240/259/6
f 241/260/5 242/261/5 243/262/5 244/263/5
f 245/264/8 246/265/8 247/266/8 248/267/8
f 249/268/7 250/269/7 251/270/7 252/271/7
f 253/272/7 254/273/7 250/269/7 249/268/7
f 255/274/7 256/275/7 254/273/7 253/272/7
f 257/276/7 258/277/7 256/275/7 255/274/7
f 259/278/7 260/279/7 258/277/7 257/276/7
f 261/280/8 262/281/8 263/282/8 264/283/8
f 265/284/8 266/285/8 262/281/8 261/280/8
f 267/286/8 268/287/8 266/285/8 265/284/8
f 269/288/8 270/289/8 268/287/8 267/286/8
f 271/290/8 272/291/8 270/289/8 269/288/8
f 273/292/5 274/293/5 275/294/5 276/295/5
f 277/296/6 278/297/6 279/298/6 280/299/6
f 281/300/6 282/301/6 278/297/6 277/296/6
f 283/302/6 284/303/6 282/301/6 281/300/6
f 285/304/6 286/305/6 284/303/6 283/302/6
f 287/306/6 288/307/6 286/305/6 285/304/6
f 289/308/7 290/309/7 291/310/7 292/311/7
f 293/312/6 294/313/6 295/314/6 296/315/6
f 297/316/8 298/317/8 299/318/8 300/319/8
f 301/320/5 302/321/5 303/322/5 304/323/5 305/324/5 306/325/5 307/326/5 308/327/5 309/328/5 310/329/5 311/330/5 312/331/5 313/332/5 314/333/5
f 315/334/6 316/335/6 317/336/6 318/337/6
f 319/338/5 320/339/5 321/340/5 322/341/5
f 323/342/8 324/343/8 325/344/8 326/345/8
o Frame2_object_52
v 0.041667 9.999998 -22.922298
v 0.041667 9.999998 -23.046566
v 0.041667 9.999998 -23.170834
v 0.000000 9.999998 -23.170834
v 0.000000 9.999998 -23.046566
v 0.000000 9.999998 -22.922298
v 0.000000 9.999998 -22.673765
v 0.000000 9.999998 -22.425232
v 0.000000 9.999998 -22.176697
v 0.000000 9.999998 -21.928164
v 0.000000 9.999998 -21.679630
v 0.000000 9.999998 -21.431095
v 0.000000 9.999998 -21.182562
v 0.000000 9.999998 -20.934029
v 0.000000 9.999998 -20.685493
v 0.000000 9.999998 -20.436960
v 0.000000 9.999998 -20.188425
v 0.000000 9.999998 -19.939892
v 0.000000 9.999998 -19.691359
v 0.000000 9.999998 -19.442823
v 0.000000 9.999998 -19.194290
v 0.000000 9.999999 -18.945757
v 0.000000 9.999999 -18.821489
v 0.000000 9.999999 -18.697222
v 0.041667 9.999999 -18.697222
v 0.041667 9.999999 -18.821489
v 0.041667 9.999999 -18.945757
v 0.041667 9.999998 -19.194290
v 0.041667 9.999998 -19.442823
v 0.041667 9.999998 -19.691359
v 0.041667 9.999998 -19.939892
v 0.041667 9.999998 -20.188425
v 0.041667 9.999998 -20.436960
v 0.041667 9.999998 -20.685493
v 0.041667 9.999998 -20.934029
v 0.041667 9.999998 -21.182562
v 0.041667 9.999998 -21.431095
v 0.041667 9.999998 -21.679630
v 0.041667 9.999998 -21.928164
v 0.041667 9.999998 -22.176697
v 0.041667 9.999998 -22.425232
v 0.041667 9.999998 -22.673765
v 0.041667 0.298748 -23.170834
v 0.041667 0.174373 -23.170834
v 0.041667 0.049998 -23.170834
v 0.000000 0.049998 -23.170834
v 0.000000 0.174373 -23.170834
v 0.000000 0.298748 -23.170834
v 0.000000 0.547498 -23.170834
v 0.000000 0.796248 -23.170834
v 0.000000 1.044998 -23.170834
v 0.000000 1.293748 -23.170834
v 0.000000 1.542498 -23.170834
v 0.000000 1.791248 -23.170834
v 0.000000 2.039998 -23.170834
v 0.000000 2.288748 -23.170834
v 0.000000 2.537498 -23.170834
v 0.000000 2.786248 -23.170834
v 0.000000 3.034998 -23.170834
v 0.000000 3.283748 -23.170834
v 0.000000 3.532498 -23.170834
v 0.000000 3.781248 -23.170834
v 0.000000 4.029998 -23.170834
v 0.000000 4.278748 -23.170834
v 0.000000 4.527498 -23.170834
v 0.000000 4.776248 -23.170834
v 0.000000 5.024998 -23.170834
v 0.000000 5.273748 -23.170834
v 0.000000 5.522498 -23.170834
v 0.000000 5.771248 -23.170834
v 0.000000 6.019998 -23.170834
v 0.000000 6.268748 -23.170834
v 0.000000 6.517498 -23.170834
v 0.000000 6.766248 -23.170834
v 0.000000 7.014998 -23.170834
v 0.000000 7.263748 -23.170834
v 0.000000 7.512498 -23.170834
v 0.000000 7.761248 -23.170834
v 0.000000 8.009998 -23.170834
v 0.000000 8.258748 -23.170834
v 0.000000 8.507498 -23.170834
v 0.000000 8.756248 -23.170834
v 0.000000 9.004998 -23.170834
v 0.000000 9.253748 -23.170834
v 0.000000 9.502498 -23.170834
v 0.000000 9.751248 -23.170834
v 0.000000 9.875623 -23.170834
v 0.041667 9.875623 -23.170834
v 0.041667 9.751248 -23.170834
v 0.041667 9.502498 -23.170834
v 0.041667 9.253748 -23.170834
v 0.041667 9.004998 -23.170834
v 0.041667 8.756248 -23.170834
v 0.041667 8.507498 -23.170834
v 0.041667 8.258748 -23.170834
v 0.041667 8.009998 -23.170834
v 0.041667 7.761248 -23.170834
v 0.041667 7.512498 -23.170834
v 0.041667 7.263748 -23.170834
v 0.041667 7.014998 -23.170834
v 0.041667 6.766248 -23.170834
v 0.041667 6.517498 -23.170834
v 0.041667 6.268748 -23.170834
v 0.041667 6.019998 -23.170834
v 0.041667 5.771248 -23.170834
v 0.041667 5.522498 -23.170834
v 0.041667 5.273748 -23.170834
v 0.041667 5.024998 -23.170834
v 0.041667 4.776248 -23.170834
v 0.041667 4.527498 -23.170834
v 0.041667 4.278748 -23.170834
v 0.041667 4.029998 -23.170834
v 0.041667 3.781248 -23.170834
v 0.041667 3.532498 -23.170834
v 0.041667 3.283748 -23.170834
v 0.041667 3.034998 -23.170834
v 0.041667 2.786248 -23.170834
v 0.041667 2.537498 -23.170834
v 0.041667 2.288748 -23.170834
v 0.041667 2.039998 -23.170834
v 0.041667 1.791248 -23.170834
v 0.041667 1.542498 -23.170834
v 0.041667 1.293748 -23.170834
v 0.041667 1.044998 -23.170834
v 0.041667 0.796248 -23.170834
v 0.041667 0.547498 -23.170834
v 0.041667 0.049999 -18.945757
v 0.041667 0.049999 -18.821489
v 0.041667 0.049999 -18.697222
v 0.000000 0.049999 -18.697222
v 0.000000 0.049999 -18.821489
v 0.000000 0.049999 -18.945757
v 0.000000 0.049999 -19.194290
v 0.000000 0.049999 -19.442823
v 0.000000 0.049999 -19.691359
v 0.000000 0.049998 -19.939892
v 0.000000 0.049998 -20.188425
v 0.000000 0.049998 -20.436960
v 0.000000 0.049998 -20.685493
v 0.000000 0.049998 -20.934029
v 0.000000 0.049998 -21.182562
v 0.000000 0.049998 -21.431095
v 0.000000 0.049998 -21.679630
v 0.000000 0.049998 -21.928164
v 0.000000 0.049998 -22.176697
v 0.000000 0.049998 -22.425232
v 0.000000 0.049998 -22.673765
v 0.000000 0.049998 -22.922298
v 0.000000 0.049998 -23.046566
v 0.041667 0.049998 -23.046566
v 0.041667 0.049998 -22.922298
v 0.041667 0.049998 -22.673765
v 0.041667 0.049998 -22.425232
v 0.041667 0.049998 -22.176697
v 0.041667 0.049998 -21.928164
v 0.041667 0.049998 -21.679630
v 0.041667 0.049998 -21.431095
v 0.041667 0.049998 -21.182562
v 0.041667 0.049998 -20.934029
v 0.041667 0.049998 -20.685493
v 0.041667 0.049998 -20.436960
v 0.041667 0.049998 -20.188425
v 0.041667 0.049998 -19.939892
v 0.041667 0.049999 -19.691359
v 0.041667 0.049999 -19.442823
v 0.041667 0.049999 -19.194290
v 0.041667 9.751249 -18.697222
v 0.041667 9.875624 -18.697222
v 0.000000 9.875624 -18.697222
v 0.000000 9.751249 -18.697222
v 0.000000 9.502499 -18.697222
v 0.000000 9.253749 -18.697222
v 0.000000 9.004999 -18.697222
v 0.000000 8.756249 -18.697222
v 0.000000 8.507499 -18.697222
v 0.000000 8.258749 -18.697222
v 0.000000 8.009999 -18.697222
v 0.000000 7.761249 -18.697222
v 0.000000 7.512498 -18.697222
v 0.000000 7.263749 -18.697222
v 0.000000 7.014998 -18.697222
v 0.000000 6.766249 -18.697222
v 0.000000 6.517498 -18.697222
v 0.000000 6.268749 -18.697222
v 0.000000 6.019999 -18.697222
v 0.000000 5.771248 -18.697222
v 0.000000 5.522499 -18.697222
v 0.000000 5.273748 -18.697222
v 0.000000 5.024999 -18.697222
v 0.000000 4.776248 -18.697222
v 0.000000 4.527499 -18.697222
v 0.000000 4.278749 -18.697222
v 0.000000 4.029999 -18.697222
v 0.000000 3.781249 -18.697222
v 0.000000 3.532499 -18.697222
v 0.000000 3.283749 -18.697222
v 0.000000 3.034999 -18.697222
v 0.000000 2.786249 -18.697222
v 0.000000 2.537498 -18.697222
v 0.000000 2.288749 -18.697222
v 0.000000 2.039999 -18.697222
v 0.000000 1.791249 -18.697222
v 0.000000 1.542499 -18.697222
v 0.000000 1.293749 -18.697222
v 0.000000 1.044999 -18.697222
v 0.000000 0.796249 -18.697222
v 0.000000 0.547499 -18.697222
v 0.000000 0.298749 -18.697222
v 0.000000 0.174374 -18.697222
v 0.041667 0.174374 -18.697222
v 0.041667 0.298749 -18.697222
v 0.041667 0.547499 -18.697222
v 0.041667 0.796249 -18.697222
v 0.041667 1.044999 -18.697222
v 0.041667 1.293749 -18.697222
v 0.041667 1.542499 -18.697222
v 0.041667 1.791249 -18.697222
v 0.041667 2.039999 -18.697222
v 0.041667 2.288749 -18.697222
v 0.041667 2.537498 -18.697222
v 0.041667 2.786249 -18.697222
v 0.041667 3.034999 -18.697222
v 0.041667 3.283749 -18.697222
v 0.041667 3.532499 -18.697222
v 0.041667 3.781249 -18.697222
v 0.041667 4.029999 -18.697222
v 0.041667 4.278749 -18.697222
v 0.041667 4.527499 -18.697222
v 0.041667 4.776248 -18.697222
v 0.041667 5.024999 -18.697222
v 0.041667 5.273748 -18.697222
v 0.041667 5.522499 -18.697222
v 0.041667 5.771248 -18.697222
v 0.041667 6.019999 -18.697222
v 0.041667 6.268749 -18.697222
v 0.041667 6.517498 -18.697222
v 0.041667 6.766249 -18.697222
v 0.041667 7.014998 -18.697222
v 0.041667 7.263749 -18.697222
v 0.041667 7.512498 -18.697222
v 0.041667 7.761249 -18.697222
v 0.041667 8.009999 -18.697222
v 0.041667 8.258749 -18.697222
v 0.041667 8.507499 -18.697222
v 0.041667 8.756249 -18.697222
v 0.041667 9.004999 -18.697222
v 0.041667 9.253749 -18.697222
v 0.041667 9.502499 -18.697222
v 0.041667 0.463246 -18.863890
v 0.041667 0.339956 -18.863890
v 0.041667 0.216665 -18.863890
v 0.000000 0.216665 -18.863890
v 0.000000 0.339956 -18.863890
v 0.000000 0.463246 -18.863890
v 0.000000 0.709828 -18.863890
v 0.000000 0.956409 -18.863890
v 0.000000 1.202990 -18.863890
v 0.000000 1.449571 -18.863890
v 0.000000 1.696152 -18.863890
v 0.000000 1.942734 -18.863890
v 0.000000 2.189315 -18.863890
v 0.000000 2.435896 -18.863890
v 0.000000 2.682477 -18.863890
v 0.000000 2.929058 -18.863890
v 0.000000 3.175640 -18.863890
v 0.000000 3.422221 -18.863890
v 0.000000 3.668802 -18.863890
v 0.000000 3.915383 -18.863890
v 0.000000 4.161964 -18.863890
v 0.000000 4.408545 -18.863890
v 0.000000 4.655127 -18.863890
v 0.000000 4.901708 -18.863890
v 0.000000 5.148289 -18.863890
v 0.000000 5.394870 -18.863890
v 0.000000 5.641451 -18.863890
v 0.000000 5.888033 -18.863890
v 0.000000 6.134614 -18.863890
v 0.000000 6.381195 -18.863890
v 0.000000 6.627776 -18.863890
v 0.000000 6.874358 -18.863890
v 0.000000 7.120939 -18.863890
v 0.000000 7.367520 -18.863890
v 0.000000 7.614101 -18.863890
v 0.000000 7.860682 -18.863890
v 0.000000 8.107264 -18.863890
v 0.000000 8.353846 -18.863890
v 0.000000 8.600427 -18.863890
v 0.000000 8.847008 -18.863890
v 0.000000 9.093589 -18.863890
v 0.000000 9.340170 -18.863890
v 0.000000 9.586751 -18.863890
v 0.000000 9.710042 -18.863890
v 0.000000 9.833332 -18.863890
v 0.041667 9.833332 -18.863890
v 0.041667 9.710042 -18.863890
v 0.041667 9.586751 -18.863890
v 0.041667 9.340170 -18.863890
v 0.041667 9.093589 -18.863890
v 0.041667 8.847008 -18.863890
v 0.041667 8.600427 -18.863890
v 0.041667 8.353846 -18.863890
v 0.041667 8.107264 -18.863890
v 0.041667 7.860682 -18.863890
v 0.041667 7.614101 -18.863890
v 0.041667 7.367520 -18.863890
v 0.041667 7.120939 -18.863890
v 0.041667 6.874358 -18.863890
v 0.041667 6.627776 -18.863890
v 0.041667 6.381195 -18.863890
v 0.041667 6.134614 -18.863890
v 0.041667 5.888033 -18.863890
v 0.041667 5.641451 -18.863890
v 0.041667 5.394870 -18.863890
v 0.041667 5.148289 -18.863890
v 0.041667 4.901708 -18.863890
v 0.041667 4.655127 -18.863890
v 0.041667 4.408545 -18.863890
v 0.041667 4.161964 -18.863890
v 0.041667 3.915383 -18.863890
v 0.041667 3.668802 -18.863890
v 0.041667 3.422221 -18.863890
v 0.041667 3.175640 -18.863890
v 0.041667 2.929058 -18.863890
v 0.041667 2.682477 -18.863890
v 0.041667 2.435896 -18.863890
v 0.041667 2.189315 -18.863890
v 0.041667 1.942734 -18.863890
v 0.041667 1.696152 -18.863890
v 0.041667 1.449571 -18.863890
v 0.041667 1.202990 -18.863890
v 0.041667 0.956409 -18.863890
v 0.041667 0.709828 -18.863890
v 0.041667 0.216665 -22.760620
v 0.041667 0.216665 -22.882393
v 0.041667 0.216665 -23.004168
v 0.000000 0.216665 -23.004168
v 0.000000 0.216665 -22.882393
v 0.000000 0.216665 -22.760620
v 0.000000 0.216665 -22.517075
v 0.000000 0.216665 -22.273529
v 0.000000 0.216665 -22.029984
v 0.000000 0.216665 -21.786438
v 0.000000 0.216665 -21.542892
v 0.000000 0.216665 -21.299347
v 0.000000 0.216665 -21.055801
v 0.000000 0.216665 -20.812254
v 0.000000 0.216665 -20.568708
v 0.000000 0.216665 -20.325163
v 0.000000 0.216665 -20.081617
v 0.000000 0.216665 -19.838072
v 0.000000 0.216665 -19.594526
v 0.000000 0.216665 -19.350981
v 0.000000 0.216665 -19.107435
v 0.000000 0.216665 -18.985662
v 0.041667 0.216665 -18.985662
v 0.041667 0.216665 -19.107435
v 0.041667 0.216665 -19.350981
v 0.041667 0.216665 -19.594526
v 0.041667 0.216665 -19.838072
v 0.041667 0.216665 -20.081617
v 0.041667 0.216665 -20.325163
v 0.041667 0.216665 -20.568708
v 0.041667 0.216665 -20.812254
v 0.041667 0.216665 -21.055801
v 0.041667 0.216665 -21.299347
v 0.041667 0.216665 -21.542892
v 0.041667 0.216665 -21.786438
v 0.041667 0.216665 -22.029984
v 0.041667 0.216665 -22.273529
v 0.041667 0.216665 -22.517075
v 0.041667 9.586750 -23.004168
v 0.041667 9.710041 -23.004168
v 0.041667 9.833331 -23.004168
v 0.000000 9.833331 -23.004168
v 0.000000 9.710041 -23.004168
v 0.000000 9.586750 -23.004168
v 0.000000 9.340169 -23.004168
v 0.000000 9.093588 -23.004168
v 0.000000 8.847007 -23.004168
v 0.000000 8.600426 -23.004168
v 0.000000 8.353845 -23.004168
v 0.000000 8.107263 -23.004168
v 0.000000 7.860682 -23.004168
v 0.000000 7.614100 -23.004168
v 0.000000 7.367519 -23.004168
v 0.000000 7.120938 -23.004168
v 0.000000 6.874357 -23.004168
v 0.000000 6.627776 -23.004168
v 0.000000 6.381195 -23.004168
v 0.000000 6.134614 -23.004168
v 0.000000 5.888032 -23.004168
v 0.000000 5.641451 -23.004168
v 0.000000 5.394870 -23.004168
v 0.000000 5.148289 -23.004168
v 0.000000 4.901708 -23.004168
v 0.000000 4.655126 -23.004168
v 0.000000 4.408545 -23.004168
v 0.000000 4.161964 -23.004168
v 0.000000 3.915383 -23.004168
v 0.000000 3.668802 -23.004168
v 0.000000 3.422220 -23.004168
v 0.000000 3.175639 -23.004168
v 0.000000 2.929058 -23.004168
v 0.000000 2.682477 -23.004168
v 0.000000 2.435896 -23.004168
v 0.000000 2.189315 -23.004168
v 0.000000 1.942733 -23.004168
v 0.000000 1.696152 -23.004168
v 0.000000 1.449571 -23.004168
v 0.000000 1.202990 -23.004168
v 0.000000 0.956409 -23.004168
v 0.000000 0.709827 -23.004168
v 0.000000 0.463246 -23.004168
v 0.000000 0.339956 -23.004168
v 0.041667 0.339956 -23.004168
v 0.041667 0.463246 -23.004168
v 0.041667 0.709827 -23.004168
v 0.041667 0.956409 -23.004168
v 0.041667 1.202990 -23.004168
v 0.041667 1.449571 -23.004168
v 0.041667 1.696152 -23.004168
v 0.041667 1.942733 -23.004168
v 0.041667 2.189315 -23.004168
v 0.041667 2.435896 -23.004168
v 0.041667 2.682477 -23.004168
v 0.041667 2.929058 -23.004168
v 0.041667 3.175639 -23.004168
v 0.041667 3.422220 -23.004168
v 0.041667 3.668802 -23.004168
v 0.041667 3.915383 -23.004168
v 0.041667 4.161964 -23.004168
v 0.041667 4.408545 -23.004168
v 0.041667 4.655126 -23.004168
v 0.041667 4.901708 -23.004168
v 0.041667 5.148289 -23.004168
v 0.041667 5.394870 -23.004168
v 0.041667 5.641451 -23.004168
v 0.041667 5.888032 -23.004168
v 0.041667 6.134614 -23.004168
v 0.041667 6.381195 -23.004168
v 0.041667 6.627776 -23.004168
v 0.041667 6.874357 -23.004168
v 0.041667 7.120938 -23.004168
v 0.041667 7.367519 -23.004168
v 0.041667 7.614100 -23.004168
v 0.041667 7.860682 -23.004168
v 0.041667 8.107263 -23.004168
v 0.041667 8.353845 -23.004168
v 0.041667 8.600426 -23.004168
v 0.041667 8.847007 -23.004168
v 0.041667 9.093588 -23.004168
v 0.041667 9.340169 -23.004168
v 0.041667 9.833331 -19.107435
v 0.041667 9.833331 -18.985662
v 0.000000 9.833331 -18.985662
v 0.000000 9.833331 -19.107435
v 0.000000 9.833331 -19.350981
v 0.000000 9.833331 -19.594526
v 0.000000 9.833331 -19.838072
v 0.000000 9.833331 -20.081617
v 0.000000 9.833331 -20.325163
v 0.000000 9.833331 -20.568708
v 0.000000 9.833331 -20.812254
v 0.000000 9.833331 -21.055801
v 0.000000 9.833331 -21.299347
v 0.000000 9.833331 -21.542892
v 0.000000 9.833331 -21.786438
v 0.000000 9.833331 -22.029984
v 0.000000 9.833331 -22.273529
v 0.000000 9.833331 -22.517075
v 0.000000 9.833331 -22.760620
v 0.000000 9.833331 -22.882393
v 0.041667 9.833331 -22.882393
v 0.041667 9.833331 -22.760620
v 0.041667 9.833331 -22.517075
v 0.041667 9.833331 -22.273529
v 0.041667 9.833331 -22.029984
v 0.041667 9.833331 -21.786438
v 0.041667 9.833331 -21.542892
v 0.041667 9.833331 -21.299347
v 0.041667 9.833331 -21.055801
v 0.041667 9.833331 -20.812254
v 0.041667 9.833331 -20.568708
v 0.041667 9.833331 -20.325163
v 0.041667 9.833331 -20.081617
v 0.041667 9.833331 -19.838072
v 0.041667 9.833331 -19.594526
v 0.041667 9.833331 -19.350981
v 0.041667 0.463247 -14.390278
v 0.041667 0.339956 -14.390278
v 0.041667 0.216666 -14.390278
v 0.000000 0.216666 -14.390278
v 0.000000 0.339956 -14.390278
v 0.000000 0.463247 -14.390278
v 0.000000 0.709828 -14.390278
v 0.000000 0.956409 -14.390278
v 0.000000 1.202990 -14.390278
v 0.000000 1.449572 -14.390278
v 0.000000 1.696153 -14.390278
v 0.000000 1.942734 -14.390278
v 0.000000 2.189315 -14.390278
v 0.000000 2.435896 -14.390278
v 0.000000 2.682477 -14.390278
v 0.000000 2.929059 -14.390278
v 0.000000 3.175640 -14.390278
v 0.000000 3.422221 -14.390278
v 0.000000 3.668802 -14.390278
v 0.000000 3.915383 -14.390278
v 0.000000 4.161965 -14.390278
v 0.000000 4.408546 -14.390278
v 0.000000 4.655127 -14.390278
v 0.000000 4.901709 -14.390278
v 0.000000 5.148290 -14.390278
v 0.000000 5.394871 -14.390278
v 0.000000 5.641452 -14.390278
v 0.000000 5.888033 -14.390278
v 0.000000 6.134614 -14.390278
v 0.000000 6.381196 -14.390279
v 0.000000 6.627777 -14.390279
v 0.000000 6.874358 -14.390279
v 0.000000 7.120939 -14.390279
v 0.000000 7.367520 -14.390279
v 0.000000 7.614101 -14.390279
v 0.000000 7.860683 -14.390279
v 0.000000 8.107264 -14.390279
v 0.000000 8.353846 -14.390279
v 0.000000 8.600427 -14.390279
v 0.000000 8.847008 -14.390279
v 0.000000 9.093589 -14.390279
v 0.000000 9.340170 -14.390279
v 0.000000 9.586751 -14.390279
v 0.000000 9.710042 -14.390279
v 0.000000 9.833332 -14.390279
v 0.041667 9.833332 -14.390279
v 0.041667 9.710042 -14.390279
v 0.041667 9.586751 -14.390279
v 0.041667 9.340170 -14.390279
v 0.041667 9.093589 -14.390279
v 0.041667 8.847008 -14.390279
v 0.041667 8.600427 -14.390279
v 0.041667 8.353846 -14.390279
v 0.041667 8.107264 -14.390279
v 0.041667 7.860683 -14.390279
v 0.041667 7.614101 -14.390279
v 0.041667 7.367520 -14.390279
v 0.041667 7.120939 -14.390279
v 0.041667 6.874358 -14.390279
v 0.041667 6.627777 -14.390279
v 0.041667 6.381196 -14.390279
v 0.041667 6.134614 -14.390278
v 0.041667 5.888033 -14.390278
v 0.041667 5.641452 -14.390278
v 0.041667 5.394871 -14.390278
v 0.041667 5.148290 -14.390278
v 0.041667 4.901709 -14.390278
v 0.041667 4.655127 -14.390278
v 0.041667 4.408546 -14.390278
v 0.041667 4.161965 -14.390278
v 0.041667 3.915383 -14.390278
v 0.041667 3.668802 -14.390278
v 0.041667 3.422221 -14.390278
v 0.041667 3.175640 -14.390278
v 0.041667 2.929059 -14.390278
v 0.041667 2.682477 -14.390278
v 0.041667 2.435896 -14.390278
v 0.041667 2.189315 -14.390278
v 0.041667 1.942734 -14.390278
v 0.041667 1.696153 -14.390278
v 0.041667 1.449572 -14.390278
v 0.041667 1.202990 -14.390278
v 0.041667 0.956409 -14.390278
v 0.041667 0.709828 -14.390278
v 0.041667 0.216665 -18.287010
v 0.041667 0.216665 -18.408783
v 0.041667 0.216665 -18.530556
v 0.000000 0.216665 -18.530556
v 0.000000 0.216665 -18.408783
v 0.000000 0.216665 -18.287010
v 0.000000 0.216665 -18.043465
v 0.000000 0.216665 -17.799919
v 0.000000 0.216665 -17.556372
v 0.000000 0.216665 -17.312826
v 0.000000 0.216665 -17.069281
v 0.000000 0.216665 -16.825735
v 0.000000 0.216665 -16.582190
v 0.000000 0.216665 -16.338644
v 0.000000 0.216665 -16.095098
v 0.000000 0.216665 -15.851552
v 0.000000 0.216665 -15.608006
v 0.000000 0.216666 -15.364461
v 0.000000 0.216666 -15.120915
v 0.000000 0.216666 -14.877369
v 0.000000 0.216666 -14.633823
v 0.000000 0.216666 -14.512051
v 0.041667 0.216666 -14.512051
v 0.041667 0.216666 -14.633823
v 0.041667 0.216666 -14.877369
v 0.041667 0.216666 -15.120915
v 0.041667 0.216666 -15.364461
v 0.041667 0.216665 -15.608006
v 0.041667 0.216665 -15.851552
v 0.041667 0.216665 -16.095098
v 0.041667 0.216665 -16.338644
v 0.041667 0.216665 -16.582190
v 0.041667 0.216665 -16.825735
v 0.041667 0.216665 -17.069281
v 0.041667 0.216665 -17.312826
v 0.041667 0.216665 -17.556372
v 0.041667 0.216665 -17.799919
v 0.041667 0.216665 -18.043465
v 0.041667 9.586751 -18.530556
v 0.041667 9.710042 -18.530556
v 0.041667 9.833332 -18.530556
v 0.000000 9.833332 -18.530556
v 0.000000 9.710042 -18.530556
v 0.000000 9.586751 -18.530556
v 0.000000 9.340170 -18.530556
v 0.000000 9.093589 -18.530556
v 0.000000 8.847008 -18.530556
v 0.000000 8.600427 -18.530556
v 0.000000 8.353846 -18.530556
v 0.000000 8.107264 -18.530556
v 0.000000 7.860682 -18.530556
v 0.000000 7.614101 -18.530556
v 0.000000 7.367520 -18.530556
v 0.000000 7.120939 -18.530556
v 0.000000 6.874358 -18.530556
v 0.000000 6.627776 -18.530556
v 0.000000 6.381195 -18.530556
v 0.000000 6.134614 -18.530556
v 0.000000 5.888033 -18.530556
v 0.000000 5.641451 -18.530556
v 0.000000 5.394870 -18.530556
v 0.000000 5.148289 -18.530556
v 0.000000 4.901708 -18.530556
v 0.000000 4.655127 -18.530556
v 0.000000 4.408545 -18.530556
v 0.000000 4.161964 -18.530556
v 0.000000 3.915383 -18.530556
v 0.000000 3.668802 -18.530556
v 0.000000 3.422221 -18.530556
v 0.000000 3.175640 -18.530556
v 0.000000 2.929058 -18.530556
v 0.000000 2.682477 -18.530556
v 0.000000 2.435896 -18.530556
v 0.000000 2.189315 -18.530556
v 0.000000 1.942734 -18.530556
v 0.000000 1.696152 -18.530556
v 0.000000 1.449571 -18.530556
v 0.000000 1.202990 -18.530556
v 0.000000 0.956409 -18.530556
v 0.000000 0.709828 -18.530556
v 0.000000 0.463246 -18.530556
v 0.000000 0.339956 -18.530556
v 0.041667 0.339956 -18.530556
v 0.041667 0.463246 -18.530556
v 0.041667 0.709828 -18.530556
v 0.041667 0.956409 -18.530556
v 0.041667 1.202990 -18.530556
v 0.041667 1.449571 -18.530556
v 0.041667 1.696152 -18.530556
v 0.041667 1.942734 -18.530556
v 0.041667 2.189315 -18.530556
v 0.041667 2.435896 -18.530556
v 0.041667 2.682477 -18.530556
v 0.041667 2.929058 -18.530556
v 0.041667 3.175640 -18.530556
v 0.041667 3.422221 -18.530556
v 0.041667 3.668802 -18.530556
v 0.041667 3.915383 -18.530556
v 0.041667 4.161964 -18.530556
v 0.041667 4.408545 -18.530556
v 0.041667 4.655127 -18.530556
v 0.041667 4.901708 -18.530556
v 0.041667 5.148289 -18.530556
v 0.041667 5.394870 -18.530556
v 0.041667 5.641451 -18.530556
v 0.041667 5.888033 -18.530556
v 0.041667 6.134614 -18.530556
v 0.041667 6.381195 -18.530556
v 0.041667 6.627776 -18.530556
v 0.041667 6.874358 -18.530556
v 0.041667 7.120939 -18.530556
v 0.041667 7.367520 -18.530556
v 0.041667 7.614101 -18.530556
v 0.041667 7.860682 -18.530556
v 0.041667 8.107264 -18.530556
v 0.041667 8.353846 -18.530556
v 0.041667 8.600427 -18.530556
v 0.041667 8.847008 -18.530556
v 0.041667 9.093589 -18.530556
v 0.041667 9.340170 -18.530556
v 0.041667 9.833332 -14.633824
v 0.041667 9.833332 -14.512052
v 0.000000 9.833332 -14.512052
v 0.000000 9.833332 -14.633824
v 0.000000 9.833332 -14.877370
v 0.000000 9.833332 -15.120916
v 0.000000 9.833332 -15.364462
v 0.000000 9.833332 -15.608007
v 0.000000 9.833332 -15.851553
v 0.000000 9.833332 -16.095098
v 0.000000 9.833332 -16.338644
v 0.000000 9.833332 -16.582190
v 0.000000 9.833332 -16.825735
v 0.000000 9.833332 -17.069281
v 0.000000 9.833332 -17.312826
v 0.000000 9.833332 -17.556372
v 0.000000 9.833332 -17.799919
v 0.000000 9.833332 -18.043465
v 0.000000 9.833332 -18.287010
v 0.000000 9.833332 -18.408783
v 0.041667 9.833332 -18.408783
v 0.041667 9.833332 -18.287010
v 0.041667 9.833332 -18.043465
v 0.041667 9.833332 -17.799919
v 0.041667 9.833332 -17.556372
v 0.041667 9.833332 -17.312826
v 0.041667 9.833332 -17.069281
v 0.041667 9.833332 -16.825735
v 0.041667 9.833332 -16.582190
v 0.041667 9.833332 -16.338644
v 0.041667 9.833332 -16.095098
v 0.041667 9.833332 -15.851553
v 0.041667 9.833332 -15.608007
v 0.041667 9.833332 -15.364462
v 0.041667 9.833332 -15.120916
v 0.041667 9.833332 -14.877370
v 0.041667 9.999999 -18.448689
v 0.041667 9.999999 -18.572956
v 0.041667 9.999999 -18.697222
v 0.000000 9.999999 -18.697222
v 0.000000 9.999999 -18.572956
v 0.000000 9.999999 -18.448689
v 0.000000 9.999999 -18.200155
v 0.000000 9.999999 -17.951620
v 0.000000 9.999999 -17.703087
v 0.000000 9.999999 -17.454552
v 0.000000 9.999999 -17.206018
v 0.000000 9.999999 -16.957485
v 0.000000 9.999999 -16.708950
v 0.000000 9.999999 -16.460417
v 0.000000 9.999999 -16.211884
v 0.000000 9.999999 -15.963349
v 0.000000 9.999999 -15.714816
v 0.000000 9.999999 -15.466282
v 0.000000 9.999999 -15.217748
v 0.000000 9.999999 -14.969213
v 0.000000 9.999999 -14.720680
v 0.000000 9.999999 -14.472146
v 0.000000 9.999999 -14.347879
v 0.000000 9.999999 -14.223612
v 0.041667 9.999999 -14.223612
v 0.041667 9.999999 -14.347879
v 0.041667 9.999999 -14.472146
v 0.041667 9.999999 -14.720680
v 0.041667 9.999999 -14.969213
v 0.041667 9.999999 -15.217748
v 0.041667 9.999999 -15.466282
v 0.041667 9.999999 -15.714816
v 0.041667 9.999999 -15.963349
v 0.041667 9.999999 -16.211884
v 0.041667 9.999999 -16.460417
v 0.041667 9.999999 -16.708950
v 0.041667 9.999999 -16.957485
v 0.041667 9.999999 -17.206018
v 0.041667 9.999999 -17.454552
v 0.041667 9.999999 -17.703087
v 0.041667 9.999999 -17.951620
v 0.041667 9.999999 -18.200155
v 0.041667 0.298749 -18.697222
v 0.041667 0.174374 -18.697222
v 0.041667 0.049999 -18.697222
v 0.000000 0.049999 -18.697222
v 0.000000 0.174374 -18.697222
v 0.000000 0.298749 -18.697222
v 0.000000 0.547499 -18.697222
v 0.000000 0.796249 -18.697222
v 0.000000 1.044999 -18.697222
v 0.000000 1.293749 -18.697222
v 0.000000 1.542499 -18.697222
v 0.000000 1.791249 -18.697222
v 0.000000 2.039999 -18.697222
v 0.000000 2.288749 -18.697222
v 0.000000 2.537498 -18.697222
v 0.000000 2.786249 -18.697222
v 0.000000 3.034999 -18.697222
v 0.000000 3.283749 -18.697222
v 0.000000 3.532499 -18.697222
v 0.000000 3.781249 -18.697222
v 0.000000 4.029999 -18.697222
v 0.000000 4.278749 -18.697222
v 0.000000 4.527499 -18.697222
v 0.000000 4.776248 -18.697222
v 0.000000 5.024999 -18.697222
v 0.000000 5.273748 -18.697222
v 0.000000 5.522499 -18.697222
v 0.000000 5.771248 -18.697222
v 0.000000 6.019999 -18.697222
v 0.000000 6.268749 -18.697222
v 0.000000 6.517498 -18.697222
v 0.000000 6.766249 -18.697222
v 0.000000 7.014998 -18.697222
v 0.000000 7.263749 -18.697222
v 0.000000 7.512498 -18.697222
v 0.000000 7.761249 -18.697222
v 0.000000 8.009999 -18.697222
v 0.000000 8.258749 -18.697222
v 0.000000 8.507499 -18.697222
v 0.000000 8.756249 -18.697222
v 0.000000 9.004999 -18.697222
v 0.000000 9.253749 -18.697222
v 0.000000 9.502499 -18.697222
v 0.000000 9.751249 -18.697222
v 0.000000 9.875624 -18.697222
v 0.041667 9.875624 -18.697222
v 0.041667 9.751249 -18.697222
v 0.041667 9.502499 -18.697222
v 0.041667 9.253749 -18.697222
v 0.041667 9.004999 -18.697222
v 0.041667 8.756249 -18.697222
v 0.041667 8.507499 -18.697222
v 0.041667 8.258749 -18.697222
v 0.041667 8.009999 -18.697222
v 0.041667 7.761249 -18.697222
v 0.041667 7.512498 -18.697222
v 0.041667 7.263749 -18.697222
v 0.041667 7.014998 -18.697222
v 0.041667 6.766249 -18.697222
v 0.041667 6.517498 -18.697222
v 0.041667 6.268749 -18.697222
v 0.041667 6.019999 -18.697222
v 0.041667 5.771248 -18.697222
v 0.041667 5.522499 -18.697222
v 0.041667 5.273748 -18.697222
v 0.041667 5.024999 -18.697222
v 0.041667 4.776248 -18.697222
v 0.041667 4.527499 -18.697222
v 0.041667 4.278749 -18.697222
v 0.041667 4.029999 -18.697222
v 0.041667 3.781249 -18.697222
v 0.041667 3.532499 -18.697222
v 0.041667 3.283749 -18.697222
v 0.041667 3.034999 -18.697222
v 0.041667 2.786249 -18.697222
v 0.041667 2.537498 -18.697222
v 0.041667 2.288749 -18.697222
v 0.041667 2.039999 -18.697222
v 0.041667 1.791249 -18.697222
v 0.041667 1.542499 -18.697222
v 0.041667 1.293749 -18.697222
v 0.041667 1.044999 -18.697222
v 0.041667 0.796249 -18.697222
v 0.041667 0.547499 -18.697222
v 0.041667 0.049999 -14.472145
v 0.041667 0.049999 -14.347878
v 0.041667 0.049999 -14.223611
v 0.000000 0.049999 -14.223611
v 0.000000 0.049999 -14.347878
v 0.000000 0.049999 -14.472145
v 0.000000 0.049999 -14.720679
v 0.000000 0.049999 -14.969213
v 0.000000 0.049999 -15.217747
v 0.000000 0.049999 -15.466281
v 0.000000 0.049999 -15.714815
v 0.000000 0.049999 -15.963348
v 0.000000 0.049999 -16.211884
v 0.000000 0.049999 -16.460417
v 0.000000 0.049999 -16.708950
v 0.000000 0.049999 -16.957485
v 0.000000 0.049999 -17.206018
v 0.000000 0.049999 -17.454552
v 0.000000 0.049999 -17.703087
v 0.000000 0.049999 -17.951620
v 0.000000 0.049999 -18.200155
v 0.000000 0.049999 -18.448689
v 0.000000 0.049999 -18.572956
v 0.041667 0.049999 -18.572956
v 0.041667 0.049999 -18.448689
v 0.041667 0.049999 -18.200155
v 0.041667 0.049999 -17.951620
v 0.041667 0.049999 -17.703087
v 0.041667 0.049999 -17.454552
v 0.041667 0.049999 -17.206018
v 0.041667 0.049999 -16.957485
v 0.041667 0.049999 -16.708950
v 0.041667 0.049999 -16.460417
v 0.041667 0.049999 -16.211884
v 0.041667 0.049999 -15.963348
v 0.041667 0.049999 -15.714815
v 0.041667 0.049999 -15.466281
v 0.041667 0.049999 -15.217747
v 0.041667 0.049999 -14.969213
v 0.041667 0.049999 -14.720679
v 0.041667 9.751249 -14.223612
v 0.041667 9.875624 -14.223612
v 0.000000 9.875624 -14.223612
v 0.000000 9.751249 -14.223612
v 0.000000 9.502499 -14.223612
v 0.000000 9.253749 -14.223612
v 0.000000 9.004999 -14.223612
v 0.000000 8.756249 -14.223612
v 0.000000 8.507499 -14.223612
v 0.000000 8.258749 -14.223612
v 0.000000 8.009999 -14.223612
v 0.000000 7.761249 -14.223612
v 0.000000 7.512499 -14.223612
v 0.000000 7.263749 -14.223612
v 0.000000 7.014999 -14.223612
v 0.000000 6.766249 -14.223612
v 0.000000 6.517499 -14.223612
v 0.000000 6.268749 -14.223611
v 0.000000 6.019999 -14.223611
v 0.000000 5.771249 -14.223611
v 0.000000 5.522499 -14.223611
v 0.000000 5.273749 -14.223611
v 0.000000 5.024999 -14.223611
v 0.000000 4.776249 -14.223611
v 0.000000 4.527499 -14.223611
v 0.000000 4.278749 -14.223611
v 0.000000 4.029999 -14.223611
v 0.000000 3.781249 -14.223611
v 0.000000 3.532499 -14.223611
v 0.000000 3.283749 -14.223611
v 0.000000 3.034999 -14.223611
v 0.000000 2.786249 -14.223611
v 0.000000 2.537499 -14.223611
v 0.000000 2.288749 -14.223611
v 0.000000 2.039999 -14.223611
v 0.000000 1.791249 -14.223611
v 0.000000 1.542499 -14.223611
v 0.000000 1.293749 -14.223611
v 0.000000 1.044999 -14.223611
v 0.000000 0.796249 -14.223611
v 0.000000 0.547499 -14.223611
v 0.000000 0.298749 -14.223611
v 0.000000 0.174374 -14.223611
v 0.041667 0.174374 -14.223611
v 0.041667 0.298749 -14.223611
v 0.041667 0.547499 -14.223611
v 0.041667 0.796249 -14.223611
v 0.041667 1.044999 -14.223611
v 0.041667 1.293749 -14.223611
v 0.041667 1.542499 -14.223611
v 0.041667 1.791249 -14.223611
v 0.041667 2.039999 -14.223611
v 0.041667 2.288749 -14.223611
v 0.041667 2.537499 -14.223611
v 0.041667 2.786249 -14.223611
v 0.041667 3.034999 -14.223611
v 0.041667 3.283749 -14.223611
v 0.041667 3.532499 -14.223611
v 0.041667 3.781249 -14.223611
v 0.041667 4.029999 -14.223611
v 0.041667 4.278749 -14.223611
v 0.041667 4.527499 -14.223611
v 0.041667 4.776249 -14.223611
v 0.041667 5.024999 -14.223611
v 0.041667 5.273749 -14.223611
v 0.041667 5.522499 -14.223611
v 0.041667 5.771249 -14.223611
v 0.041667 6.019999 -14.223611
v 0.041667 6.268749 -14.223611
v 0.041667 6.517499 -14.223612
v 0.041667 6.766249 -14.223612
v 0.041667 7.014999 -14.223612
v 0.041667 7.263749 -14.223612
v 0.041667 7.512499 -14.223612
v 0.041667 7.761249 -14.223612
v 0.041667 8.009999 -14.223612
v 0.041667 8.258749 -14.223612
v 0.041667 8.507499 -14.223612
v 0.041667 8.756249 -14.223612
v 0.041667 9.004999 -14.223612
v 0.041667 9.253749 -14.223612
v 0.041667 9.502499 -14.223612
v 0.041667 0.463247 -9.916667
v 0.041667 0.339957 -9.916667
v 0.041667 0.216666 -9.916667
v 0.000000 0.216666 -9.916667
v 0.000000 0.339957 -9.916667
v 0.000000 0.463247 -9.916667
v 0.000000 0.709828 -9.916667
v 0.000000 0.956409 -9.916667
v 0.000000 1.202991 -9.916667
v 0.000000 1.449572 -9.916667
v 0.000000 1.696153 -9.916667
v 0.000000 1.942734 -9.916667
v 0.000000 2.189316 -9.916667
v 0.000000 2.435897 -9.916667
v 0.000000 2.682478 -9.916667
v 0.000000 2.929059 -9.916667
v 0.000000 3.175640 -9.916667
v 0.000000 3.422221 -9.916667
v 0.000000 3.668803 -9.916667
v 0.000000 3.915384 -9.916667
v 0.000000 4.161965 -9.916667
v 0.000000 4.408546 -9.916667
v 0.000000 4.655127 -9.916667
v 0.000000 4.901709 -9.916667
v 0.000000 5.148290 -9.916667
v 0.000000 5.394871 -9.916667
v 0.000000 5.641452 -9.916667
v 0.000000 5.888033 -9.916667
v 0.000000 6.134614 -9.916667
v 0.000000 6.381196 -9.916668
v 0.000000 6.627777 -9.916668
v 0.000000 6.874358 -9.916668
v 0.000000 7.120939 -9.916668
v 0.000000 7.367520 -9.916668
v 0.000000 7.614101 -9.916668
v 0.000000 7.860683 -9.916668
v 0.000000 8.107264 -9.916668
v 0.000000 8.353846 -9.916668
v 0.000000 8.600427 -9.916668
v 0.000000 8.847008 -9.916668
v 0.000000 9.093589 -9.916668
v 0.000000 9.340170 -9.916668
v 0.000000 9.586751 -9.916668
v 0.000000 9.710042 -9.916668
v 0.000000 9.833332 -9.916668
v 0.041667 9.833332 -9.916668
v 0.041667 9.710042 -9.916668
v 0.041667 9.586751 -9.916668
v 0.041667 9.340170 -9.916668
v 0.041667 9.093589 -9.916668
v 0.041667 8.847008 -9.916668
v 0.041667 8.600427 -9.916668
v 0.041667 8.353846 -9.916668
v 0.041667 8.107264 -9.916668
v 0.041667 7.860683 -9.916668
v 0.041667 7.614101 -9.916668
v 0.041667 7.367520 -9.916668
v 0.041667 7.120939 -9.916668
v 0.041667 6.874358 -9.916668
v 0.041667 6.627777 -9.916668
v 0.041667 6.381196 -9.916668
v 0.041667 6.134614 -9.916667
v 0.041667 5.888033 -9.916667
v 0.041667 5.641452 -9.916667
v 0.041667 5.394871 -9.916667
v 0.041667 5.148290 -9.916667
v 0.041667 4.901709 -9.916667
v 0.041667 4.655127 -9.916667
v 0.041667 4.408546 -9.916667
v 0.041667 4.161965 -9.916667
v 0.041667 3.915384 -9.916667
v 0.041667 3.668803 -9.916667
v 0.041667 3.422221 -9.916667
v 0.041667 3.175640 -9.916667
v 0.041667 2.929059 -9.916667
v 0.041667 2.682478 -9.916667
v 0.041667 2.435897 -9.916667
v 0.041667 2.189316 -9.916667
v 0.041667 1.942734 -9.916667
v 0.041667 1.696153 -9.916667
v 0.041667 1.449572 -9.916667
v 0.041667 1.202991 -9.916667
v 0.041667 0.956409 -9.916667
v 0.041667 0.709828 -9.916667
v 0.041667 0.216666 -13.813398
v 0.041667 0.216666 -13.935171
v 0.041667 0.216666 -14.056945
v 0.000000 0.216666 -14.056945
v 0.000000 0.216666 -13.935171
v 0.000000 0.216666 -13.813398
v 0.000000 0.216666 -13.569853
v 0.000000 0.216666 -13.326307
v 0.000000 0.216666 -13.082762
v 0.000000 0.216666 -12.839215
v 0.000000 0.216666 -12.595670
v 0.000000 0.216666 -12.352124
v 0.000000 0.216666 -12.108579
v 0.000000 0.216666 -11.865033
v 0.000000 0.216666 -11.621487
v 0.000000 0.216666 -11.377941
v 0.000000 0.216666 -11.134396
v 0.000000 0.216666 -10.890850
v 0.000000 0.216666 -10.647304
v 0.000000 0.216666 -10.403758
v 0.000000 0.216666 -10.160213
v 0.000000 0.216666 -10.038440
v 0.041667 0.216666 -10.038440
v 0.041667 0.216666 -10.160213
v 0.041667 0.216666 -10.403758
v 0.041667 0.216666 -10.647304
v 0.041667 0.216666 -10.890850
v 0.041667 0.216666 -11.134396
v 0.041667 0.216666 -11.377941
v 0.041667 0.216666 -11.621487
v 0.041667 0.216666 -11.865033
v 0.041667 0.216666 -12.108579
v 0.041667 0.216666 -12.352124
v 0.041667 0.216666 -12.595670
v 0.041667 0.216666 -12.839215
v 0.041667 0.216666 -13.082762
v 0.041667 0.216666 -13.326307
v 0.041667 0.216666 -13.569853
v 0.041667 9.586751 -14.056946
v 0.041667 9.710042 -14.056946
v 0.041667 9.833332 -14.056946
v 0.000000 9.833332 -14.056946
v 0.000000 9.710042 -14.056946
v 0.000000 9.586751 -14.056946
v 0.000000 9.340170 -14.056946
v 0.000000 9.093589 -14.056946
v 0.000000 8.847008 -14.056946
v 0.000000 8.600427 -14.056946
v 0.000000 8.353846 -14.056946
v 0.000000 8.107264 -14.056946
v 0.000000 7.860683 -14.056946
v 0.000000 7.614101 -14.056946
v 0.000000 7.367520 -14.056946
v 0.000000 7.120939 -14.056946
v 0.000000 6.874358 -14.056946
v 0.000000 6.627777 -14.056946
v 0.000000 6.381196 -14.056946
v 0.000000 6.134614 -14.056945
v 0.000000 5.888033 -14.056945
v 0.000000 5.641452 -14.056945
v 0.000000 5.394871 -14.056945
v 0.000000 5.148290 -14.056945
v 0.000000 4.901709 -14.056945
v 0.000000 4.655127 -14.056945
v 0.000000 4.408546 -14.056945
v 0.000000 4.161965 -14.056945
v 0.000000 3.915384 -14.056945
v 0.000000 3.668802 -14.056945
v 0.000000 3.422221 -14.056945
v 0.000000 3.175640 -14.056945
v 0.000000 2.929059 -14.056945
v 0.000000 2.682478 -14.056945
v 0.000000 2.435896 -14.056945
v 0.000000 2.189315 -14.056945
v 0.000000 1.942734 -14.056945
v 0.000000 1.696153 -14.056945
v 0.000000 1.449572 -14.056945
v 0.000000 1.202990 -14.056945
v 0.000000 0.956409 -14.056945
v 0.000000 0.709828 -14.056945
v 0.000000 0.463247 -14.056945
v 0.000000 0.339956 -14.056945
v 0.041667 0.339956 -14.056945
v 0.041667 0.463247 -14.056945
v 0.041667 0.709828 -14.056945
v 0.041667 0.956409 -14.056945
v 0.041667 1.202990 -14.056945
v 0.041667 1.449572 -14.056945
v 0.041667 1.696153 -14.056945
v 0.041667 1.942734 -14.056945
v 0.041667 2.189315 -14.056945
v 0.041667 2.435896 -14.056945
v 0.041667 2.682478 -14.056945
v 0.041667 2.929059 -14.056945
v 0.041667 3.175640 -14.056945
v 0.041667 3.422221 -14.056945
v 0.041667 3.668802 -14.056945
v 0.041667 3.915384 -14.056945
v 0.041667 4.161965 -14.056945
v 0.041667 4.408546 -14.056945
v 0.041667 4.655127 -14.056945
v 0.041667 4.901709 -14.056945
v 0.041667 5.148290 -14.056945
v 0.041667 5.394871 -14.056945
v 0.041667 5.641452 -14.056945
v 0.041667 5.888033 -14.056945
v 0.041667 6.134614 -14.056945
v 0.041667 6.381196 -14.056946
v 0.041667 6.627777 -14.056946
v 0.041667 6.874358 -14.056946
v 0.041667 7.120939 -14.056946
v 0.041667 7.367520 -14.056946
v 0.041667 7.614101 -14.056946
v 0.041667 7.860683 -14.056946
v 0.041667 8.107264 -14.056946
v 0.041667 8.353846 -14.056946
v 0.041667 8.600427 -14.056946
v 0.041667 8.847008 -14.056946
v 0.041667 9.093589 -14.056946
v 0.041667 9.340170 -14.056946
v 0.041667 9.833332 -10.160213
v 0.041667 9.833332 -10.038441
v 0.000000 9.833332 -10.038441
v 0.000000 9.833332 -10.160213
v 0.000000 9.833332 -10.403759
v 0.000000 9.833332 -10.647305
v 0.000000 9.833332 -10.890851
v 0.000000 9.833332 -11.134397
v 0.000000 9.833332 -11.377942
v 0.000000 9.833332 -11.621488
v 0.000000 9.833332 -11.865034
v 0.000000 9.833332 -12.108580
v 0.000000 9.833332 -12.352125
v 0.000000 9.833332 -12.595671
v 0.000000 9.833332 -12.839216
v 0.000000 9.833332 -13.082763
v 0.000000 9.833332 -13.326308
v 0.000000 9.833332 -13.569854
v 0.000000 9.833332 -13.813399
v 0.000000 9.833332 -13.935172
v 0.041667 9.833332 -13.935172
v 0.041667 9.833332 -13.813399
v 0.041667 9.833332 -13.569854
v 0.041667 9.833332 -13.326308
v 0.041667 9.833332 -13.082763
v 0.041667 9.833332 -12.839216
v 0.041667 9.833332 -12.595671
v 0.041667 9.833332 -12.352125
v 0.041667 9.833332 -12.108580
v 0.041667 9.833332 -11.865034
v 0.041667 9.833332 -11.621488
v 0.041667 9.833332 -11.377942
v 0.041667 9.833332 -11.134397
v 0.041667 9.833332 -10.890851
v 0.041667 9.833332 -10.647305
v 0.041667 9.833332 -10.403759
v 0.041667 9.999999 -13.975079
v 0.041667 9.999999 -14.099345
v 0.041667 9.999999 -14.223612
v 0.000000 9.999999 -14.223612
v 0.000000 9.999999 -14.099345
v 0.000000 9.999999 -13.975079
v 0.000000 9.999999 -13.726544
v 0.000000 9.999999 -13.478010
v 0.000000 9.999999 -13.229476
v 0.000000 9.999999 -12.980943
v 0.000000 9.999999 -12.732409
v 0.000000 9.999999 -12.483874
v 0.000000 9.999999 -12.235340
v 0.000000 9.999999 -11.986807
v 0.000000 9.999999 -11.738273
v 0.000000 9.999999 -11.489738
v 0.000000 9.999999 -11.241204
v 0.000000 9.999999 -10.992671
v 0.000000 9.999999 -10.744137
v 0.000000 9.999999 -10.495603
v 0.000000 9.999999 -10.247068
v 0.000000 9.999999 -9.998535
v 0.000000 9.999999 -9.874268
v 0.000000 9.999999 -9.750001
v 0.041667 9.999999 -9.750001
v 0.041667 9.999999 -9.874268
v 0.041667 9.999999 -9.998535
v 0.041667 9.999999 -10.247068
v 0.041667 9.999999 -10.495603
v 0.041667 9.999999 -10.744137
v 0.041667 9.999999 -10.992671
v 0.041667 9.999999 -11.241204
v 0.041667 9.999999 -11.489738
v 0.041667 9.999999 -11.738273
v 0.041667 9.999999 -11.986807
v 0.041667 9.999999 -12.235340
v 0.041667 9.999999 -12.483874
v 0.041667 9.999999 -12.732409
v 0.041667 9.999999 -12.980943
v 0.041667 9.999999 -13.229476
v 0.041667 9.999999 -13.478010
v 0.041667 9.999999 -13.726544
v 0.041667 0.298749 -14.223611
v 0.041667 0.174374 -14.223611
v 0.041667 0.049999 -14.223611
v 0.000000 0.049999 -14.223611
v 0.000000 0.174374 -14.223611
v 0.000000 0.298749 -14.223611
v 0.000000 0.547499 -14.223611
v 0.000000 0.796249 -14.223611
v 0.000000 1.044999 -14.223611
v 0.000000 1.293749 -14.223611
v 0.000000 1.542499 -14.223611
v 0.000000 1.791249 -14.223611
v 0.000000 2.039999 -14.223611
v 0.000000 2.288749 -14.223611
v 0.000000 2.537499 -14.223611
v 0.000000 2.786249 -14.223611
v 0.000000 3.034999 -14.223611
v 0.000000 3.283749 -14.223611
v 0.000000 3.532499 -14.223611
v 0.000000 3.781249 -14.223611
v 0.000000 4.029999 -14.223611
v 0.000000 4.278749 -14.223611
v 0.000000 4.527499 -14.223611
v 0.000000 4.776249 -14.223611
v 0.000000 5.024999 -14.223611
v 0.000000 5.273749 -14.223611
v 0.000000 5.522499 -14.223611
v 0.000000 5.771249 -14.223611
v 0.000000 6.019999 -14.223611
v 0.000000 6.268749 -14.223611
v 0.000000 6.517499 -14.223612
v 0.000000 6.766249 -14.223612
v 0.000000 7.014999 -14.223612
v 0.000000 7.263749 -14.223612
v 0.000000 7.512499 -14.223612
v 0.000000 7.761249 -14.223612
v 0.000000 8.009999 -14.223612
v 0.000000 8.258749 -14.223612
v 0.000000 8.507499 -14.223612
v 0.000000 8.756249 -14.223612
v 0.000000 9.004999 -14.223612
v 0.000000 9.253749 -14.223612
v 0.000000 9.502499 -14.223612
v 0.000000 9.751249 -14.223612
v 0.000000 9.875624 -14.223612
v 0.041667 9.875624 -14.223612
v 0.041667 9.751249 -14.223612
v 0.041667 9.502499 -14.223612
v 0.041667 9.253749 -14.223612
v 0.041667 9.004999 -14.223612
v 0.041667 8.756249 -14.223612
v 0.041667 8.507499 -14.223612
v 0.041667 8.258749 -14.223612
v 0.041667 8.009999 -14.223612
v 0.041667 7.761249 -14.223612
v 0.041667 7.512499 -14.223612
v 0.041667 7.263749 -14.223612
v 0.041667 7.014999 -14.223612
v 0.041667 6.766249 -14.223612
v 0.041667 6.517499 -14.223612
v 0.041667 6.268749 -14.223611
v 0.041667 6.019999 -14.223611
v 0.041667 5.771249 -14.223611
v 0.041667 5.522499 -14.223611
v 0.041667 5.273749 -14.223611
v 0.041667 5.024999 -14.223611
v 0.041667 4.776249 -14.223611
v 0.041667 4.527499 -14.223611
v 0.041667 4.278749 -14.223611
v 0.041667 4.029999 -14.223611
v 0.041667 3.781249 -14.223611
v 0.041667 3.532499 -14.223611
v 0.041667 3.283749 -14.223611
v 0.041667 3.034999 -14.223611
v 0.041667 2.786249 -14.223611
v 0.041667 2.537499 -14.223611
v 0.041667 2.288749 -14.223611
v 0.041667 2.039999 -14.223611
v 0.041667 1.791249 -14.223611
v 0.041667 1.542499 -14.223611
v 0.041667 1.293749 -14.223611
v 0.041667 1.044999 -14.223611
v 0.041667 0.796249 -14.223611
v 0.041667 0.547499 -14.223611
v 0.041667 0.049999 -9.998534
v 0.041667 0.049999 -9.874267
v 0.041667 0.049999 -9.750000
v 0.000000 0.049999 -9.750000
v 0.000000 0.049999 -9.874267
v 0.000000 0.049999 -9.998534
v 0.000000 0.049999 -10.247067
v 0.000000 0.049999 -10.495602
v 0.000000 0.049999 -10.744136
v 0.000000 0.049999 -10.992670
v 0.000000 0.049999 -11.241203
v 0.000000 0.049999 -11.489738
v 0.000000 0.049999 -11.738272
v 0.000000 0.049999 -11.986806
v 0.000000 0.049999 -12.235339
v 0.000000 0.049999 -12.483873
v 0.000000 0.049999 -12.732408
v 0.000000 0.049999 -12.980942
v 0.000000 0.049999 -13.229475
v 0.000000 0.049999 -13.478009
v 0.000000 0.049999 -13.726543
v 0.000000 0.049999 -13.975078
v 0.000000 0.049999 -14.099344
v 0.041667 0.049999 -14.099344
v 0.041667 0.049999 -13.975078
v 0.041667 0.049999 -13.726543
v 0.041667 0.049999 -13.478009
v 0.041667 0.049999 -13.229475
v 0.041667 0.049999 -12.980942
v 0.041667 0.049999 -12.732408
v 0.041667 0.049999 -12.483873
v 0.041667 0.049999 -12.235339
v 0.041667 0.049999 -11.986806
v 0.041667 0.049999 -11.738272
v 0.041667 0.049999 -11.489738
v 0.041667 0.049999 -11.241203
v 0.041667 0.049999 -10.992670
v 0.041667 0.049999 -10.744136
v 0.041667 0.049999 -10.495602
v 0.041667 0.049999 -10.247067
v 0.041667 9.751249 -9.750001
v 0.041667 9.875624 -9.750001
v 0.000000 9.875624 -9.750001
v 0.000000 9.751249 -9.750001
v 0.000000 9.502499 -9.750001
v 0.000000 9.253749 -9.750001
v 0.000000 9.004999 -9.750001
v 0.000000 8.756249 -9.750001
v 0.000000 8.507499 -9.750001
v 0.000000 8.258749 -9.750001
v 0.000000 8.009999 -9.750001
v 0.000000 7.761249 -9.750001
v 0.000000 7.512499 -9.750001
v 0.000000 7.263749 -9.750001
v 0.000000 7.014999 -9.750001
v 0.000000 6.766249 -9.750001
v 0.000000 6.517499 -9.750001
v 0.000000 6.268749 -9.750000
v 0.000000 6.019999 -9.750000
v 0.000000 5.771249 -9.750000
v 0.000000 5.522499 -9.750000
v 0.000000 5.273749 -9.750000
v 0.000000 5.024999 -9.750000
v 0.000000 4.776249 -9.750000
v 0.000000 4.527499 -9.750000
v 0.000000 4.278749 -9.750000
v 0.000000 4.029999 -9.750000
v 0.000000 3.781249 -9.750000
v 0.000000 3.532499 -9.750000
v 0.000000 3.283749 -9.750000
v 0.000000 3.034999 -9.750000
v 0.000000 2.786249 -9.750000
v 0.000000 2.537499 -9.750000
v 0.000000 2.288749 -9.750000
v 0.000000 2.039999 -9.750000
v 0.000000 1.791249 -9.750000
v 0.000000 1.542499 -9.750000
v 0.000000 1.293749 -9.750000
v 0.000000 1.044999 -9.750000
v 0.000000 0.796249 -9.750000
v 0.000000 0.547499 -9.750000
v 0.000000 0.298749 -9.750000
v 0.000000 0.174374 -9.750000
v 0.041667 0.174374 -9.750000
v 0.041667 0.298749 -9.750000
v 0.041667 0.547499 -9.750000
v 0.041667 0.796249 -9.750000
v 0.041667 1.044999 -9.750000
v 0.041667 1.293749 -9.750000
v 0.041667 1.542499 -9.750000
v 0.041667 1.791249 -9.750000
v 0.041667 2.039999 -9.750000
v 0.041667 2.288749 -9.750000
v 0.041667 2.537499 -9.750000
v 0.041667 2.786249 -9.750000
v 0.041667 3.034999 -9.750000
v 0.041667 3.283749 -9.750000
v 0.041667 3.532499 -9.750000
v 0.041667 3.781249 -9.750000
v 0.041667 4.029999 -9.750000
v 0.041667 4.278749 -9.750000
v 0.041667 4.527499 -9.750000
v 0.041667 4.776249 -9.750000
v 0.041667 5.024999 -9.750000
v 0.041667 5.273749 -9.750000
v 0.041667 5.522499 -9.750000
v 0.041667 5.771249 -9.750000
v 0.041667 6.019999 -9.750000
v 0.041667 6.268749 -9.750000
v 0.041667 6.517499 -9.750001
v 0.041667 6.766249 -9.750001
v 0.041667 7.014999 -9.750001
v 0.041667 7.263749 -9.750001
v 0.041667 7.512499 -9.750001
v 0.041667 7.761249 -9.750001
v 0.041667 8.009999 -9.750001
v 0.041667 8.258749 -9.750001
v 0.041667 8.507499 -9.750001
v 0.041667 8.756249 -9.750001
v 0.041667 9.004999 -9.750001
v 0.041667 9.253749 -9.750001
v 0.041667 9.502499 -9.750001
v 0.041667 8.871666 -9.916668
v 0.041667 9.999999 -9.750001
v 0.041667 9.833332 -9.916668
v 0.041667 9.999999 -10.389089
v 0.041667 9.833332 -10.951737
v 0.041667 8.578570 -9.750001
v 0.041667 7.909999 -9.916668
v 0.041667 7.157142 -9.750001
v 0.041667 6.948332 -9.916668
v 0.041667 5.735713 -9.750000
v 0.041667 5.986666 -9.916667
v 0.041667 9.999999 -11.028175
v 0.041667 9.999999 -11.667263
v 0.041667 9.833332 -11.986807
v 0.041667 9.999999 -12.306350
v 0.041667 5.024999 -9.916667
v 0.041667 4.063333 -9.916667
v 0.041667 4.314285 -9.750000
v 0.041667 0.216666 -10.951736
v 0.041667 0.216666 -11.986806
v 0.041667 0.049999 -11.667262
v 0.041667 0.049999 -11.028174
v 0.041667 2.892856 -9.750000
v 0.041667 2.139999 -9.916667
v 0.041667 1.471428 -9.750000
v 0.041667 3.101666 -9.916667
v 0.041667 0.049999 -9.750000
v 0.041667 1.178333 -9.916667
v 0.041667 0.216666 -9.916667
v 0.041667 0.049999 -10.389088
v 0.041667 9.833332 -13.021876
v 0.041667 9.999999 -12.945437
v 0.041667 9.999999 -13.584525
v 0.041667 9.833332 -14.056946
v 0.041667 8.578570 -14.223612
v 0.041667 7.909999 -14.056946
v 0.041667 8.871666 -14.056946
v 0.041667 9.999999 -14.223612
v 0.041667 7.157142 -14.223612
v 0.041667 6.948332 -14.056946
v 0.041667 5.986666 -14.056945
v 0.041667 5.735713 -14.223611
v 0.041667 4.314285 -14.223611
v 0.041667 5.024999 -14.056945
v 0.041667 3.101666 -14.056945
v 0.041667 4.063333 -14.056945
v 0.041667 2.892856 -14.223611
v 0.041667 0.049999 -12.945436
v 0.041667 0.049999 -12.306349
v 0.041667 0.216666 -13.021875
v 0.041667 0.049999 -13.584524
v 0.041667 2.139999 -14.056945
v 0.041667 1.471427 -14.223611
v 0.041667 0.216666 -14.056945
v 0.041667 1.178332 -14.056945
v 0.041667 0.049999 -14.223611
v 0.041667 8.871666 -14.390279
v 0.041667 9.999999 -14.223612
v 0.041667 9.833332 -14.390279
v 0.041667 9.999999 -14.862700
v 0.041667 9.833332 -15.425348
v 0.041667 8.578570 -14.223612
v 0.041667 7.909999 -14.390279
v 0.041667 7.157142 -14.223612
v 0.041667 6.948332 -14.390279
v 0.041667 5.735713 -14.223611
v 0.041667 5.986666 -14.390278
v 0.041667 9.999999 -15.501786
v 0.041667 9.999999 -16.140873
v 0.041667 9.833332 -16.460417
v 0.041667 5.024999 -14.390278
v 0.041667 4.314285 -14.223611
v 0.041667 4.063333 -14.390278
v 0.041667 2.892856 -14.223611
v 0.041667 3.101665 -14.390278
v 0.041667 2.139999 -14.390278
v 0.041667 1.471427 -14.223611
v 0.041667 1.178332 -14.390278
v 0.041667 0.049999 -14.223611
v 0.041667 0.216666 -14.390278
v 0.041667 0.216666 -15.425347
v 0.041667 0.049999 -15.501785
v 0.041667 0.049999 -14.862699
v 0.041667 0.049999 -16.779961
v 0.041667 0.049999 -16.140873
v 0.041667 0.216665 -16.460417
v 0.041667 9.833332 -17.495485
v 0.041667 9.999999 -16.779961
v 0.041667 9.999999 -17.419048
v 0.041667 9.999999 -18.058134
v 0.041667 9.833332 -18.530556
v 0.041667 8.871666 -18.530556
v 0.041667 9.999999 -18.697222
v 0.041667 8.578570 -18.697222
v 0.041667 7.909998 -18.530556
v 0.041667 7.157141 -18.697222
v 0.041667 6.948332 -18.530556
v 0.041667 5.986665 -18.530556
v 0.041667 5.735713 -18.697222
v 0.041667 5.024999 -18.530556
v 0.041667 4.314284 -18.697222
v 0.041667 4.063332 -18.530556
v 0.041667 3.101665 -18.530556
v 0.041667 2.892856 -18.697222
v 0.041667 0.216665 -17.495485
v 0.041667 0.049999 -17.419048
v 0.041667 0.049999 -18.058134
v 0.041667 2.139999 -18.530556
v 0.041667 1.471427 -18.697222
v 0.041667 0.216665 -18.530556
v 0.041667 1.178332 -18.530556
v 0.041667 0.049999 -18.697222
v 0.041667 9.833332 -18.863890
v 0.041667 8.871666 -18.863890
v 0.041667 8.578570 -18.697222
v 0.041667 9.999999 -18.697222
v 0.041667 9.999998 -19.336309
v 0.041667 9.833331 -19.898958
v 0.041667 7.157141 -18.697222
v 0.041667 7.909998 -18.863890
v 0.041667 6.948332 -18.863890
v 0.041667 5.735713 -18.697222
v 0.041667 5.986665 -18.863890
v 0.041667 9.999998 -19.975397
v 0.041667 9.999998 -20.614485
v 0.041667 9.833331 -20.934029
v 0.041667 9.999998 -21.253571
v 0.041667 5.024999 -18.863890
v 0.041667 4.063332 -18.863890
v 0.041667 4.314284 -18.697222
v 0.041667 2.892856 -18.697222
v 0.041667 3.101665 -18.863890
v 0.041667 1.471427 -18.697222
v 0.041667 2.139999 -18.863890
v 0.041667 0.049999 -18.697222
v 0.041667 1.178332 -18.863890
v 0.041667 0.216665 -18.863890
v 0.041667 0.216665 -19.898958
v 0.041667 0.216665 -20.934029
v 0.041667 0.049998 -20.614485
v 0.041667 0.049998 -19.975397
v 0.041667 0.049999 -19.336309
v 0.041667 9.833331 -21.969097
v 0.041667 9.999998 -21.892658
v 0.041667 9.999998 -22.531746
v 0.041667 9.833331 -23.004168
v 0.041667 8.871665 -23.004168
v 0.041667 8.578569 -23.170834
v 0.041667 7.909998 -23.004168
v 0.041667 9.999998 -23.170834
v 0.041667 7.157141 -23.170834
v 0.041667 6.948331 -23.004168
v 0.041667 5.986665 -23.004168
v 0.041667 5.735713 -23.170834
v 0.041667 4.314284 -23.170834
v 0.041667 5.024998 -23.004168
v 0.041667 2.892855 -23.170834
v 0.041667 3.101665 -23.004168
v 0.041667 4.063332 -23.004168
v 0.041667 0.049998 -21.892658
v 0.041667 0.049998 -21.253571
v 0.041667 0.216665 -21.969097
v 0.041667 0.049998 -22.531746
v 0.041667 2.139998 -23.004168
v 0.041667 1.471427 -23.170834
v 0.041667 0.216665 -23.004168
v 0.041667 0.049998 -23.170834
v 0.041667 1.178331 -23.004168
v 0.000000 8.871666 -9.916668
v 0.000000 9.999999 -9.750001
v 0.000000 9.833332 -9.916668
v 0.000000 9.999999 -10.389089
v 0.000000 9.833332 -10.951737
v 0.000000 8.578570 -9.750001
v 0.000000 7.909999 -9.916668
v 0.000000 7.157142 -9.750001
v 0.000000 6.948332 -9.916668
v 0.000000 5.735713 -9.750000
v 0.000000 5.986666 -9.916667
v 0.000000 9.999999 -11.028175
v 0.000000 9.999999 -11.667263
v 0.000000 9.833332 -11.986807
v 0.000000 9.999999 -12.306350
v 0.000000 5.024999 -9.916667
v 0.000000 4.063333 -9.916667
v 0.000000 4.314285 -9.750000
v 0.000000 0.216666 -10.951736
v 0.000000 0.216666 -11.986806
v 0.000000 0.049999 -11.667262
v 0.000000 0.049999 -11.028174
v 0.000000 2.892856 -9.750000
v 0.000000 2.139999 -9.916667
v 0.000000 1.471428 -9.750000
v 0.000000 3.101666 -9.916667
v 0.000000 0.049999 -9.750000
v 0.000000 1.178333 -9.916667
v 0.000000 0.216666 -9.916667
v 0.000000 0.049999 -10.389088
v 0.000000 9.833332 -13.021876
v 0.000000 9.999999 -12.945437
v 0.000000 9.999999 -13.584525
v 0.000000 9.833332 -14.056946
v 0.000000 8.578570 -14.223612
v 0.000000 7.909999 -14.056946
v 0.000000 8.871666 -14.056946
v 0.000000 9.999999 -14.223612
v 0.000000 7.157142 -14.223612
v 0.000000 6.948332 -14.056946
v 0.000000 5.986666 -14.056945
v 0.000000 5.735713 -14.223611
v 0.000000 4.314285 -14.223611
v 0.000000 5.024999 -14.056945
v 0.000000 3.101666 -14.056945
v 0.000000 4.063333 -14.056945
v 0.000000 2.892856 -14.223611
v 0.000000 0.216666 -13.021875
v 0.000000 0.049999 -12.945436
v 0.000000 0.049999 -12.306349
v 0.000000 0.049999 -13.584524
v 0.000000 2.139999 -14.056945
v 0.000000 1.471427 -14.223611
v 0.000000 0.216666 -14.056945
v 0.000000 1.178332 -14.056945
v 0.000000 0.049999 -14.223611
v 0.000000 8.871666 -14.390279
v 0.000000 9.999999 -14.223612
v 0.000000 9.833332 -14.390279
v 0.000000 9.999999 -14.862700
v 0.000000 9.833332 -15.425348
v 0.000000 8.578570 -14.223612
v 0.000000 7.909999 -14.390279
v 0.000000 7.157142 -14.223612
v 0.000000 6.948332 -14.390279
v 0.000000 5.735713 -14.223611
v 0.000000 5.986666 -14.390278
v 0.000000 9.999999 -15.501786
v 0.000000 9.999999 -16.140873
v 0.000000 9.833332 -16.460417
v 0.000000 9.999999 -16.779961
v 0.000000 5.024999 -14.390278
v 0.000000 4.063333 -14.390278
v 0.000000 4.314285 -14.223611
v 0.000000 0.216666 -15.425347
v 0.000000 0.216665 -16.460417
v 0.000000 0.049999 -16.140873
v 0.000000 0.049999 -15.501785
v 0.000000 2.892856 -14.223611
v 0.000000 2.139999 -14.390278
v 0.000000 1.471427 -14.223611
v 0.000000 3.101665 -14.390278
v 0.000000 0.049999 -14.223611
v 0.000000 1.178332 -14.390278
v 0.000000 0.216666 -14.390278
v 0.000000 0.049999 -14.862699
v 0.000000 9.833332 -17.495485
v 0.000000 9.999999 -17.419048
v 0.000000 9.999999 -18.058134
v 0.000000 9.833332 -18.530556
v 0.000000 8.578570 -18.697222
v 0.000000 7.909998 -18.530556
v 0.000000 8.871666 -18.530556
v 0.000000 9.999999 -18.697222
v 0.000000 7.157141 -18.697222
v 0.000000 6.948332 -18.530556
v 0.000000 5.986665 -18.530556
v 0.000000 5.735713 -18.697222
v 0.000000 4.314284 -18.697222
v 0.000000 5.024999 -18.530556
v 0.000000 3.101665 -18.530556
v 0.000000 4.063332 -18.530556
v 0.000000 2.892856 -18.697222
v 0.000000 0.049999 -17.419048
v 0.000000 0.049999 -16.779961
v 0.000000 0.216665 -17.495485
v 0.000000 0.049999 -18.058134
v 0.000000 2.139999 -18.530556
v 0.000000 1.471427 -18.697222
v 0.000000 0.216665 -18.530556
v 0.000000 1.178332 -18.530556
v 0.000000 0.049999 -18.697222
v 0.000000 9.833332 -18.863890
v 0.000000 8.871666 -18.863890
v 0.000000 8.578570 -18.697222
v 0.000000 9.999999 -18.697222
v 0.000000 9.999998 -19.336309
v 0.000000 9.833331 -19.898958
v 0.000000 7.157141 -18.697222
v 0.000000 7.909998 -18.863890
v 0.000000 6.948332 -18.863890
v 0.000000 5.735713 -18.697222
v 0.000000 5.986665 -18.863890
v 0.000000 9.999998 -19.975397
v 0.000000 9.999998 -20.614485
v 0.000000 9.833331 -20.934029
v 0.000000 9.999998 -21.253571
v 0.000000 5.024999 -18.863890
v 0.000000 4.063332 -18.863890
v 0.000000 4.314284 -18.697222
v 0.000000 2.892856 -18.697222
v 0.000000 3.101665 -18.863890
v 0.000000 1.471427 -18.697222
v 0.000000 2.139999 -18.863890
v 0.000000 0.049999 -18.697222
v 0.000000 1.178332 -18.863890
v 0.000000 0.216665 -18.863890
v 0.000000 0.216665 -19.898958
v 0.000000 0.216665 -20.934029
v 0.000000 0.049998 -20.614485
v 0.000000 0.049998 -19.975397
v 0.000000 0.049999 -19.336309
v 0.000000 9.833331 -21.969097
v 0.000000 9.999998 -21.892658
v 0.000000 9.999998 -22.531746
v 0.000000 9.833331 -23.004168
v 0.000000 8.871665 -23.004168
v 0.000000 8.578569 -23.170834
v 0.000000 7.909998 -23.004168
v 0.000000 9.999998 -23.170834
v 0.000000 7.157141 -23.170834
v 0.000000 6.948331 -23.004168
v 0.000000 5.986665 -23.004168
v 0.000000 5.735713 -23.170834
v 0.000000 4.314284 -23.170834
v 0.000000 5.024998 -23.004168
v 0.000000 2.892855 -23.170834
v 0.000000 3.101665 -23.004168
v 0.000000 4.063332 -23.004168
v 0.000000 0.049998 -21.892658
v 0.000000 0.049998 -21.253571
v 0.000000 0.216665 -21.969097
v 0.000000 0.049998 -22.531746
v 0.000000 2.139998 -23.004168
v 0.000000 1.471427 -23.170834
v 0.000000 0.216665 -23.004168
v 0.000000 0.049998 -23.170834
v 0.000000 1.178331 -23.004168
v 12.462963 10.000000 1.958333
v 12.342592 10.000000 1.958333
v 12.222222 10.000000 1.958333
v 12.222222 10.000000 1.999999
v 12.342592 10.000000 1.999999
v 12.462963 10.000000 1.999999
v 12.703704 10.000000 1.999999
v 12.944445 10.000000 1.999999
v 13.185185 10.000000 1.999999
v 13.425926 10.000000 1.999999
v 13.666667 10.000000 1.999999
v 13.907408 10.000000 1.999999
v 14.148149 10.000000 1.999999
v 14.388889 10.000000 1.999999
v 14.629630 10.000000 1.999999
v 14.870370 10.000000 1.999999
v 15.111111 10.000000 1.999999
v 15.351851 10.000000 1.999999
v 15.592592 10.000000 1.999999
v 15.833333 10.000000 1.999999
v 16.074074 10.000000 1.999999
v 16.314816 10.000000 1.999999
v 16.555555 10.000000 1.999999
v 16.796297 10.000000 1.999999
v 17.037037 10.000000 1.999999
v 17.157408 10.000000 1.999999
v 17.277779 10.000000 1.999999
v 17.277779 10.000000 1.958333
v 17.157408 10.000000 1.958333
v 17.037037 10.000000 1.958333
v 16.796297 10.000000 1.958333
v 16.555555 10.000000 1.958333
v 16.314816 10.000000 1.958333
v 16.074074 10.000000 1.958333
v 15.833333 10.000000 1.958333
v 15.592592 10.000000 1.958333
v 15.351851 10.000000 1.958333
v 15.111111 10.000000 1.958333
v 14.870370 10.000000 1.958333
v 14.629630 10.000000 1.958333
v 14.388889 10.000000 1.958333
v 14.148149 10.000000 1.958333
v 13.907408 10.000000 1.958333
v 13.666667 10.000000 1.958333
v 13.425926 10.000000 1.958333
v 13.185185 10.000000 1.958333
v 12.944445 10.000000 1.958333
v 12.703704 10.000000 1.958333
v 12.222222 0.298750 1.958333
v 12.222222 0.174375 1.958333
v 12.222222 0.050000 1.958333
v 12.222222 0.050000 2.000000
v 12.222222 0.174375 2.000000
v 12.222222 0.298750 2.000000
v 12.222222 0.547500 2.000000
v 12.222222 0.796250 2.000000
v 12.222222 1.045000 2.000000
v 12.222222 1.293750 2.000000
v 12.222222 1.542500 2.000000
v 12.222222 1.791250 2.000000
v 12.222222 2.040000 2.000000
v 12.222222 2.288750 2.000000
v 12.222222 2.537500 2.000000
v 12.222222 2.786250 2.000000
v 12.222222 3.035000 2.000000
v 12.222222 3.283750 2.000000
v 12.222222 3.532500 2.000000
v 12.222222 3.781250 2.000000
v 12.222222 4.030000 2.000000
v 12.222222 4.278750 2.000000
v 12.222222 4.527500 2.000000
v 12.222222 4.776250 2.000000
v 12.222222 5.025000 2.000000
v 12.222222 5.273750 2.000000
v 12.222222 5.522500 2.000000
v 12.222222 5.771250 2.000000
v 12.222222 6.020000 2.000000
v 12.222222 6.268750 2.000000
v 12.222222 6.517500 2.000000
v 12.222222 6.766250 2.000000
v 12.222222 7.015000 2.000000
v 12.222222 7.263750 1.999999
v 12.222222 7.512500 1.999999
v 12.222222 7.761250 1.999999
v 12.222222 8.010000 1.999999
v 12.222222 8.258750 1.999999
v 12.222222 8.507500 1.999999
v 12.222222 8.756250 1.999999
v 12.222222 9.005000 1.999999
v 12.222222 9.253750 1.999999
v 12.222222 9.502500 1.999999
v 12.222222 9.751250 1.999999
v 12.222222 9.875625 1.999999
v 12.222222 9.875625 1.958333
v 12.222222 9.751250 1.958333
v 12.222222 9.502500 1.958333
v 12.222222 9.253750 1.958333
v 12.222222 9.005000 1.958333
v 12.222222 8.756250 1.958333
v 12.222222 8.507500 1.958333
v 12.222222 8.258750 1.958333
v 12.222222 8.010000 1.958333
v 12.222222 7.761250 1.958333
v 12.222222 7.512500 1.958333
v 12.222222 7.263750 1.958333
v 12.222222 7.015000 1.958333
v 12.222222 6.766250 1.958333
v 12.222222 6.517500 1.958333
v 12.222222 6.268750 1.958333
v 12.222222 6.020000 1.958333
v 12.222222 5.771250 1.958333
v 12.222222 5.522500 1.958333
v 12.222222 5.273750 1.958333
v 12.222222 5.025000 1.958333
v 12.222222 4.776250 1.958333
v 12.222222 4.527500 1.958333
v 12.222222 4.278750 1.958333
v 12.222222 4.030000 1.958333
v 12.222222 3.781250 1.958333
v 12.222222 3.532500 1.958333
v 12.222222 3.283750 1.958333
v 12.222222 3.035000 1.958333
v 12.222222 2.786250 1.958333
v 12.222222 2.537500 1.958333
v 12.222222 2.288750 1.958333
v 12.222222 2.040000 1.958333
v 12.222222 1.791250 1.958333
v 12.222222 1.542500 1.958333
v 12.222222 1.293750 1.958333
v 12.222222 1.045000 1.958333
v 12.222222 0.796250 1.958333
v 12.222222 0.547500 1.958333
v 17.037037 0.050000 1.958333
v 17.157408 0.050000 1.958333
v 17.277779 0.050000 1.958333
v 17.277779 0.050000 2.000000
v 17.157408 0.050000 2.000000
v 17.037037 0.050000 2.000000
v 16.796297 0.050000 2.000000
v 16.555555 0.050000 2.000000
v 16.314816 0.050000 2.000000
v 16.074074 0.050000 2.000000
v 15.833333 0.050000 2.000000
v 15.592592 0.050000 2.000000
v 15.351851 0.050000 2.000000
v 15.111111 0.050000 2.000000
v 14.870370 0.050000 2.000000
v 14.629630 0.050000 2.000000
v 14.388889 0.050000 2.000000
v 14.148149 0.050000 2.000000
v 13.907408 0.050000 2.000000
v 13.666667 0.050000 2.000000
v 13.425926 0.050000 2.000000
v 13.185185 0.050000 2.000000
v 12.944445 0.050000 2.000000
v 12.703704 0.050000 2.000000
v 12.462963 0.050000 2.000000
v 12.342592 0.050000 2.000000
v 12.342592 0.050000 1.958333
v 12.462963 0.050000 1.958333
v 12.703704 0.050000 1.958333
v 12.944445 0.050000 1.958333
v 13.185185 0.050000 1.958333
v 13.425926 0.050000 1.958333
v 13.666667 0.050000 1.958333
v 13.907408 0.050000 1.958333
v 14.148149 0.050000 1.958333
v 14.388889 0.050000 1.958333
v 14.629630 0.050000 1.958333
v 14.870370 0.050000 1.958333
v 15.111111 0.050000 1.958333
v 15.351851 0.050000 1.958333
v 15.592592 0.050000 1.958333
v 15.833333 0.050000 1.958333
v 16.074074 0.050000 1.958333
v 16.314816 0.050000 1.958333
v 16.555555 0.050000 1.958333
v 16.796297 0.050000 1.958333
v 17.277779 9.751250 1.958333
v 17.277779 9.875625 1.958333
v 17.277779 9.875625 1.999999
v 17.277779 9.751250 1.999999
v 17.277779 9.502500 1.999999
v 17.277779 9.253750 1.999999
v 17.277779 9.005000 1.999999
v 17.277779 8.756250 1.999999
v 17.277779 8.507500 1.999999
v 17.277779 8.258750 1.999999
v 17.277779 8.010000 1.999999
v 17.277779 7.761250 1.999999
v 17.277779 7.512500 1.999999
v 17.277779 7.263750 1.999999
v 17.277779 7.015000 2.000000
v 17.277779 6.766250 2.000000
v 17.277779 6.517500 2.000000
v 17.277779 6.268750 2.000000
v 17.277779 6.020000 2.000000
v 17.277779 5.771250 2.000000
v 17.277779 5.522500 2.000000
v 17.277779 5.273750 2.000000
v 17.277779 5.025000 2.000000
v 17.277779 4.776250 2.000000
v 17.277779 4.527500 2.000000
v 17.277779 4.278750 2.000000
v 17.277779 4.030000 2.000000
v 17.277779 3.781250 2.000000
v 17.277779 3.532500 2.000000
v 17.277779 3.283750 2.000000
v 17.277779 3.035000 2.000000
v 17.277779 2.786250 2.000000
v 17.277779 2.537500 2.000000
v 17.277779 2.288750 2.000000
v 17.277779 2.040000 2.000000
v 17.277779 1.791250 2.000000
v 17.277779 1.542500 2.000000
v 17.277779 1.293750 2.000000
v 17.277779 1.045000 2.000000
v 17.277779 0.796250 2.000000
v 17.277779 0.547500 2.000000
v 17.277779 0.298750 2.000000
v 17.277779 0.174375 2.000000
v 17.277779 0.174375 1.958333
v 17.277779 0.298750 1.958333
v 17.277779 0.547500 1.958333
v 17.277779 0.796250 1.958333
v 17.277779 1.045000 1.958333
v 17.277779 1.293750 1.958333
v 17.277779 1.542500 1.958333
v 17.277779 1.791250 1.958333
v 17.277779 2.040000 1.958333
v 17.277779 2.288750 1.958333
v 17.277779 2.537500 1.958333
v 17.277779 2.786250 1.958333
v 17.277779 3.035000 1.958333
v 17.277779 3.283750 1.958333
v 17.277779 3.532500 1.958333
v 17.277779 3.781250 1.958333
v 17.277779 4.030000 1.958333
v 17.277779 4.278750 1.958333
v 17.277779 4.527500 1.958333
v 17.277779 4.776250 1.958333
v 17.277779 5.025000 1.958333
v 17.277779 5.273750 1.958333
v 17.277779 5.522500 1.958333
v 17.277779 5.771250 1.958333
v 17.277779 6.020000 1.958333
v 17.277779 6.268750 1.958333
v 17.277779 6.517500 1.958333
v 17.277779 6.766250 1.958333
v 17.277779 7.015000 1.958333
v 17.277779 7.263750 1.958333
v 17.277779 7.512500 1.958333
v 17.277779 7.761250 1.958333
v 17.277779 8.010000 1.958333
v 17.277779 8.258750 1.958333
v 17.277779 8.507500 1.958333
v 17.277779 8.756250 1.958333
v 17.277779 9.005000 1.958333
v 17.277779 9.253750 1.958333
v 17.277779 9.502500 1.958333
v 7.333333 0.216667 1.958333
v 7.166667 0.050000 1.958333
v 7.166667 1.471429 1.958333
v 7.333333 1.178333 1.958333
v 7.888889 0.050000 1.958333
v 8.277778 0.216667 1.958333
v 7.166667 2.892857 1.958333
v 7.333333 3.101667 1.958333
v 7.333333 2.140000 1.958333
v 7.166667 4.314286 1.958333
v 7.333333 4.063334 1.958333
v 8.611111 0.050000 1.958333
v 9.222222 0.216667 1.958333
v 9.333333 0.050000 1.958333
v 7.333333 5.025000 1.958333
v 7.333333 5.986667 1.958333
v 7.166667 5.735714 1.958333
v 7.166667 7.157143 1.958333
v 7.333333 6.948333 1.958333
v 7.166667 8.578571 1.958333
v 7.333333 7.910000 1.958333
v 7.166667 10.000000 1.958333
v 7.333333 9.833333 1.958333
v 7.333333 8.871667 1.958333
v 7.888889 10.000000 1.958333
v 8.277778 9.833333 1.958333
v 8.611111 10.000000 1.958333
v 9.333333 10.000000 1.958333
v 9.222222 9.833333 1.958333
v 10.055555 10.000000 1.958333
v 10.166667 9.833333 1.958333
v 10.055555 0.050000 1.958333
v 10.166667 0.216667 1.958333
v 11.111111 0.216667 1.958333
v 10.777778 0.050000 1.958333
v 11.500000 0.050000 1.958333
v 12.055555 0.216667 1.958333
v 12.222222 0.050000 1.958333
v 12.055555 1.178333 1.958333
v 12.055555 2.140000 1.958333
v 12.222222 1.471429 1.958333
v 12.222222 2.892857 1.958333
v 12.055555 3.101667 1.958333
v 12.055555 4.063334 1.958333
v 12.222222 4.314286 1.958333
v 12.055555 5.025000 1.958333
v 12.222222 5.735714 1.958333
v 12.055555 5.986667 1.958333
v 10.777778 10.000000 1.958333
v 11.111111 9.833333 1.958333
v 11.500000 10.000000 1.958333
v 12.222222 7.157143 1.958333
v 12.055555 6.948333 1.958333
v 12.055555 7.910000 1.958333
v 12.222222 8.578571 1.958333
v 12.222222 10.000000 1.958333
v 12.055555 9.833333 1.958333
v 12.055555 8.871667 1.958333
v 12.388889 0.216667 1.958333
v 12.222222 0.050000 1.958333
v 12.222222 1.471429 1.958333
v 12.388889 1.178333 1.958333
v 12.944445 0.050000 1.958333
v 13.333333 0.216667 1.958333
v 12.222222 2.892857 1.958333
v 12.388889 3.101667 1.958333
v 12.388889 2.140000 1.958333
v 12.388889 5.025000 1.958333
v 12.388889 4.063334 1.958333
v 12.222222 4.314286 1.958333
v 13.666667 0.050000 1.958333
v 14.277778 0.216667 1.958333
v 14.388889 0.050000 1.958333
v 12.222222 7.157143 1.958333
v 12.388889 6.948333 1.958333
v 12.388889 5.986667 1.958333
v 12.222222 5.735714 1.958333
v 12.222222 8.578571 1.958333
v 12.388889 7.910000 1.958333
v 12.222222 10.000000 1.958333
v 12.388889 9.833333 1.958333
v 12.388889 8.871667 1.958333
v 12.944445 10.000000 1.958333
v 13.333333 9.833333 1.958333
v 13.666667 10.000000 1.958333
v 14.388889 10.000000 1.958333
v 14.277778 9.833333 1.958333
v 15.111111 10.000000 1.958333
v 15.222222 9.833333 1.958333
v 15.222222 0.216667 1.958333
v 15.111111 0.050000 1.958333
v 16.166666 0.216667 1.958333
v 15.833333 0.050000 1.958333
v 16.555555 0.050000 1.958333
v 17.111111 0.216667 1.958333
v 17.277779 0.050000 1.958333
v 17.111111 1.178333 1.958333
v 17.277779 1.471429 1.958333
v 17.111111 2.140000 1.958333
v 17.111111 3.101667 1.958333
v 17.277779 2.892857 1.958333
v 17.111111 4.063334 1.958333
v 17.277779 4.314286 1.958333
v 17.111111 5.025000 1.958333
v 17.277779 5.735714 1.958333
v 17.111111 5.986667 1.958333
v 15.833333 10.000000 1.958333
v 16.166666 9.833333 1.958333
v 16.555555 10.000000 1.958333
v 17.277779 7.157143 1.958333
v 17.111111 6.948333 1.958333
v 17.111111 7.910000 1.958333
v 17.277779 8.578571 1.958333
v 17.277779 10.000000 1.958333
v 17.111111 9.833333 1.958333
v 17.111111 8.871667 1.958333
v 17.444445 0.216667 1.958333
v 17.277779 0.050000 1.958333
v 17.277779 1.471429 1.958333
v 17.444445 1.178333 1.958333
v 18.000000 0.050000 1.958333
v 18.388889 0.216667 1.958333
v 17.277779 2.892857 1.958333
v 17.444445 3.101667 1.958333
v 17.444445 2.140000 1.958333
v 17.277779 4.314286 1.958333
v 17.444445 4.063334 1.958333
v 18.722221 0.050000 1.958333
v 19.333334 0.216667 1.958333
v 19.444445 0.050000 1.958333
v 17.444445 5.025000 1.958333
v 17.444445 5.986667 1.958333
v 17.277779 5.735714 1.958333
v 17.277779 7.157143 1.958333
v 17.444445 6.948333 1.958333
v 17.277779 8.578571 1.958333
v 17.444445 7.910000 1.958333
v 17.277779 10.000000 1.958333
v 17.444445 8.871667 1.958333
v 17.444445 9.833333 1.958333
v 18.000000 10.000000 1.958333
v 18.388889 9.833333 1.958333
v 18.722221 10.000000 1.958333
v 19.444445 10.000000 1.958333
v 19.333334 9.833333 1.958333
v 20.166666 10.000000 1.958333
v 20.277779 9.833333 1.958333
v 20.277779 0.216667 1.958333
v 20.166666 0.050000 1.958333
v 20.888889 0.050000 1.958333
v 21.222221 0.216667 1.958333
v 21.611111 0.050000 1.958333
v 22.166666 0.216667 1.958333
v 22.333334 0.050000 1.958333
v 22.166666 1.178333 1.958333
v 22.333334 1.471429 1.958333
v 22.166666 2.140000 1.958333
v 22.166666 3.101667 1.958333
v 22.333334 2.892857 1.958333
v 22.166666 4.063334 1.958333
v 22.333334 4.314286 1.958333
v 22.166666 5.025000 1.958333
v 22.333334 5.735714 1.958333
v 22.166666 5.986667 1.958333
v 20.888889 10.000000 1.958333
v 21.222221 9.833333 1.958333
v 21.611111 10.000000 1.958333
v 22.333334 7.157143 1.958333
v 22.166666 6.948333 1.958333
v 22.166666 7.910000 1.958333
v 22.333334 8.578571 1.958333
v 22.333334 10.000000 1.958333
v 22.166666 9.833333 1.958333
v 22.166666 8.871667 1.958333
v 22.166666 0.463248 1.958333
v 22.166666 0.339957 1.958333
v 22.166666 0.216667 1.958333
v 22.166666 0.216667 2.000000
v 22.166666 0.339957 2.000000
v 22.166666 0.463248 2.000000
v 22.166666 0.709829 2.000000
v 22.166666 0.956410 2.000000
v 22.166666 1.202992 2.000000
v 22.166666 1.449573 2.000000
v 22.166666 1.696154 2.000000
v 22.166666 1.942735 2.000000
v 22.166666 2.189317 2.000000
v 22.166666 2.435898 2.000000
v 22.166666 2.682479 2.000000
v 22.166666 2.929060 2.000000
v 22.166666 3.175641 2.000000
v 22.166666 3.422222 2.000000
v 22.166666 3.668804 2.000000
v 22.166666 3.915385 2.000000
v 22.166666 4.161966 2.000000
v 22.166666 4.408547 2.000000
v 22.166666 4.655128 2.000000
v 22.166666 4.901710 2.000000
v 22.166666 5.148291 2.000000
v 22.166666 5.394872 2.000000
v 22.166666 5.641453 2.000000
v 22.166666 5.888034 2.000000
v 22.166666 6.134615 2.000000
v 22.166666 6.381196 2.000000
v 22.166666 6.627778 2.000000
v 22.166666 6.874359 2.000000
v 22.166666 7.120940 1.999999
v 22.166666 7.367521 1.999999
v 22.166666 7.614102 1.999999
v 22.166666 7.860684 1.999999
v 22.166666 8.107265 1.999999
v 22.166666 8.353847 1.999999
v 22.166666 8.600428 1.999999
v 22.166666 8.847009 1.999999
v 22.166666 9.093590 1.999999
v 22.166666 9.340171 1.999999
v 22.166666 9.586752 1.999999
v 22.166666 9.710043 1.999999
v 22.166666 9.833333 1.999999
v 22.166666 9.833333 1.958333
v 22.166666 9.710043 1.958333
v 22.166666 9.586752 1.958333
v 22.166666 9.340171 1.958333
v 22.166666 9.093590 1.958333
v 22.166666 8.847009 1.958333
v 22.166666 8.600428 1.958333
v 22.166666 8.353847 1.958333
v 22.166666 8.107265 1.958333
v 22.166666 7.860684 1.958333
v 22.166666 7.614102 1.958333
v 22.166666 7.367521 1.958333
v 22.166666 7.120940 1.958333
v 22.166666 6.874359 1.958333
v 22.166666 6.627778 1.958333
v 22.166666 6.381196 1.958333
v 22.166666 6.134615 1.958333
v 22.166666 5.888034 1.958333
v 22.166666 5.641453 1.958333
v 22.166666 5.394872 1.958333
v 22.166666 5.148291 1.958333
v 22.166666 4.901710 1.958333
v 22.166666 4.655128 1.958333
v 22.166666 4.408547 1.958333
v 22.166666 4.161966 1.958333
v 22.166666 3.915385 1.958333
v 22.166666 3.668804 1.958333
v 22.166666 3.422222 1.958333
v 22.166666 3.175641 1.958333
v 22.166666 2.929060 1.958333
v 22.166666 2.682479 1.958333
v 22.166666 2.435898 1.958333
v 22.166666 2.189317 1.958333
v 22.166666 1.942735 1.958333
v 22.166666 1.696154 1.958333
v 22.166666 1.449573 1.958333
v 22.166666 1.202992 1.958333
v 22.166666 0.956410 1.958333
v 22.166666 0.709829 1.958333
v 17.692982 0.216667 1.958333
v 17.568714 0.216667 1.958333
v 17.444445 0.216667 1.958333
v 17.444445 0.216667 2.000000
v 17.568714 0.216667 2.000000
v 17.692982 0.216667 2.000000
v 17.941521 0.216667 2.000000
v 18.190058 0.216667 2.000000
v 18.438597 0.216667 2.000000
v 18.687134 0.216667 2.000000
v 18.935673 0.216667 2.000000
v 19.184210 0.216667 2.000000
v 19.432749 0.216667 2.000000
v 19.681286 0.216667 2.000000
v 19.929825 0.216667 2.000000
v 20.178362 0.216667 2.000000
v 20.426901 0.216667 2.000000
v 20.675438 0.216667 2.000000
v 20.923977 0.216667 2.000000
v 21.172514 0.216667 2.000000
v 21.421053 0.216667 2.000000
v 21.669590 0.216667 2.000000
v 21.918129 0.216667 2.000000
v 22.042398 0.216667 2.000000
v 22.042398 0.216667 1.958333
v 21.918129 0.216667 1.958333
v 21.669590 0.216667 1.958333
v 21.421053 0.216667 1.958333
v 21.172514 0.216667 1.958333
v 20.923977 0.216667 1.958333
v 20.675438 0.216667 1.958333
v 20.426901 0.216667 1.958333
v 20.178362 0.216667 1.958333
v 19.929825 0.216667 1.958333
v 19.681286 0.216667 1.958333
v 19.432749 0.216667 1.958333
v 19.184210 0.216667 1.958333
v 18.935673 0.216667 1.958333
v 18.687134 0.216667 1.958333
v 18.438597 0.216667 1.958333
v 18.190058 0.216667 1.958333
v 17.941521 0.216667 1.958333
v 17.444445 9.586752 1.958333
v 17.444445 9.710043 1.958333
v 17.444445 9.833333 1.958333
v 17.444445 9.833333 1.999999
v 17.444445 9.710043 1.999999
v 17.444445 9.586752 1.999999
v 17.444445 9.340171 1.999999
v 17.444445 9.093590 1.999999
v 17.444445 8.847009 1.999999
v 17.444445 8.600428 1.999999
v 17.444445 8.353847 1.999999
v 17.444445 8.107265 1.999999
v 17.444445 7.860684 1.999999
v 17.444445 7.614102 1.999999
v 17.444445 7.367521 1.999999
v 17.444445 7.120940 1.999999
v 17.444445 6.874359 2.000000
v 17.444445 6.627778 2.000000
v 17.444445 6.381196 2.000000
v 17.444445 6.134615 2.000000
v 17.444445 5.888034 2.000000
v 17.444445 5.641453 2.000000
v 17.444445 5.394872 2.000000
v 17.444445 5.148291 2.000000
v 17.444445 4.901710 2.000000
v 17.444445 4.655128 2.000000
v 17.444445 4.408547 2.000000
v 17.444445 4.161966 2.000000
v 17.444445 3.915385 2.000000
v 17.444445 3.668804 2.000000
v 17.444445 3.422222 2.000000
v 17.444445 3.175641 2.000000
v 17.444445 2.929060 2.000000
v 17.444445 2.682479 2.000000
v 17.444445 2.435898 2.000000
v 17.444445 2.189317 2.000000
v 17.444445 1.942735 2.000000
v 17.444445 1.696154 2.000000
v 17.444445 1.449573 2.000000
v 17.444445 1.202992 2.000000
v 17.444445 0.956410 2.000000
v 17.444445 0.709829 2.000000
v 17.444445 0.463248 2.000000
v 17.444445 0.339957 2.000000
v 17.444445 0.339957 1.958333
v 17.444445 0.463248 1.958333
v 17.444445 0.709829 1.958333
v 17.444445 0.956410 1.958333
v 17.444445 1.202992 1.958333
v 17.444445 1.449573 1.958333
v 17.444445 1.696154 1.958333
v 17.444445 1.942735 1.958333
v 17.444445 2.189317 1.958333
v 17.444445 2.435898 1.958333
v 17.444445 2.682479 1.958333
v 17.444445 2.929060 1.958333
v 17.444445 3.175641 1.958333
v 17.444445 3.422222 1.958333
v 17.444445 3.668804 1.958333
v 17.444445 3.915385 1.958333
v 17.444445 4.161966 1.958333
v 17.444445 4.408547 1.958333
v 17.444445 4.655128 1.958333
v 17.444445 4.901710 1.958333
v 17.444445 5.148291 1.958333
v 17.444445 5.394872 1.958333
v 17.444445 5.641453 1.958333
v 17.444445 5.888034 1.958333
v 17.444445 6.134615 1.958333
v 17.444445 6.381196 1.958333
v 17.444445 6.627778 1.958333
v 17.444445 6.874359 1.958333
v 17.444445 7.120940 1.958333
v 17.444445 7.367521 1.958333
v 17.444445 7.614102 1.958333
v 17.444445 7.860684 1.958333
v 17.444445 8.107265 1.958333
v 17.444445 8.353847 1.958333
v 17.444445 8.600428 1.958333
v 17.444445 8.847009 1.958333
v 17.444445 9.093590 1.958333
v 17.444445 9.340171 1.958333
v 21.918129 9.833333 1.958333
v 22.042398 9.833333 1.958333
v 22.042398 9.833333 1.999999
v 21.918129 9.833333 1.999999
v 21.669590 9.833333 1.999999
v 21.421053 9.833333 1.999999
v 21.172514 9.833333 1.999999
v 20.923977 9.833333 1.999999
v 20.675438 9.833333 1.999999
v 20.426901 9.833333 1.999999
v 20.178362 9.833333 1.999999
v 19.929825 9.833333 1.999999
v 19.681286 9.833333 1.999999
v 19.432749 9.833333 1.999999
v 19.184210 9.833333 1.999999
v 18.935673 9.833333 1.999999
v 18.687134 9.833333 1.999999
v 18.438597 9.833333 1.999999
v 18.190058 9.833333 1.999999
v 17.941521 9.833333 1.999999
v 17.692982 9.833333 1.999999
v 17.568714 9.833333 1.999999
v 17.568714 9.833333 1.958333
v 17.692982 9.833333 1.958333
v 17.941521 9.833333 1.958333
v 18.190058 9.833333 1.958333
v 18.438597 9.833333 1.958333
v 18.687134 9.833333 1.958333
v 18.935673 9.833333 1.958333
v 19.184210 9.833333 1.958333
v 19.432749 9.833333 1.958333
v 19.681286 9.833333 1.958333
v 19.929825 9.833333 1.958333
v 20.178362 9.833333 1.958333
v 20.426901 9.833333 1.958333
v 20.675438 9.833333 1.958333
v 20.923977 9.833333 1.958333
v 21.172514 9.833333 1.958333
v 21.421053 9.833333 1.958333
v 21.669590 9.833333 1.958333
v 17.518518 10.000000 1.958333
v 17.398148 10.000000 1.958333
v 17.277779 10.000000 1.958333
v 17.277779 10.000000 1.999999
v 17.398148 10.000000 1.999999
v 17.518518 10.000000 1.999999
v 17.759260 10.000000 1.999999
v 18.000000 10.000000 1.999999
v 18.240740 10.000000 1.999999
v 18.481482 10.000000 1.999999
v 18.722221 10.000000 1.999999
v 18.962963 10.000000 1.999999
v 19.203703 10.000000 1.999999
v 19.444445 10.000000 1.999999
v 19.685184 10.000000 1.999999
v 19.925926 10.000000 1.999999
v 20.166666 10.000000 1.999999
v 20.407408 10.000000 1.999999
v 20.648148 10.000000 1.999999
v 20.888889 10.000000 1.999999
v 21.129629 10.000000 1.999999
v 21.370371 10.000000 1.999999
v 21.611111 10.000000 1.999999
v 21.851852 10.000000 1.999999
v 22.092592 10.000000 1.999999
v 22.212963 10.000000 1.999999
v 22.333334 10.000000 1.999999
v 22.333334 10.000000 1.958333
v 22.212963 10.000000 1.958333
v 22.092592 10.000000 1.958333
v 21.851852 10.000000 1.958333
v 21.611111 10.000000 1.958333
v 21.370371 10.000000 1.958333
v 21.129629 10.000000 1.958333
v 20.888889 10.000000 1.958333
v 20.648148 10.000000 1.958333
v 20.407408 10.000000 1.958333
v 20.166666 10.000000 1.958333
v 19.925926 10.000000 1.958333
v 19.685184 10.000000 1.958333
v 19.444445 10.000000 1.958333
v 19.203703 10.000000 1.958333
v 18.962963 10.000000 1.958333
v 18.722221 10.000000 1.958333
v 18.481482 10.000000 1.958333
v 18.240740 10.000000 1.958333
v 18.000000 10.000000 1.958333
v 17.759260 10.000000 1.958333
v 17.277779 0.298750 1.958333
v 17.277779 0.174375 1.958333
v 17.277779 0.050000 1.958333
v 17.277779 0.050000 2.000000
v 17.277779 0.174375 2.000000
v 17.277779 0.298750 2.000000
v 17.277779 0.547500 2.000000
v 17.277779 0.796250 2.000000
v 17.277779 1.045000 2.000000
v 17.277779 1.293750 2.000000
v 17.277779 1.542500 2.000000
v 17.277779 1.791250 2.000000
v 17.277779 2.040000 2.000000
v 17.277779 2.288750 2.000000
v 17.277779 2.537500 2.000000
v 17.277779 2.786250 2.000000
v 17.277779 3.035000 2.000000
v 17.277779 3.283750 2.000000
v 17.277779 3.532500 2.000000
v 17.277779 3.781250 2.000000
v 17.277779 4.030000 2.000000
v 17.277779 4.278750 2.000000
v 17.277779 4.527500 2.000000
v 17.277779 4.776250 2.000000
v 17.277779 5.025000 2.000000
v 17.277779 5.273750 2.000000
v 17.277779 5.522500 2.000000
v 17.277779 5.771250 2.000000
v 17.277779 6.020000 2.000000
v 17.277779 6.268750 2.000000
v 17.277779 6.517500 2.000000
v 17.277779 6.766250 2.000000
v 17.277779 7.015000 2.000000
v 17.277779 7.263750 1.999999
v 17.277779 7.512500 1.999999
v 17.277779 7.761250 1.999999
v 17.277779 8.010000 1.999999
v 17.277779 8.258750 1.999999
v 17.277779 8.507500 1.999999
v 17.277779 8.756250 1.999999
v 17.277779 9.005000 1.999999
v 17.277779 9.253750 1.999999
v 17.277779 9.502500 1.999999
v 17.277779 9.751250 1.999999
v 17.277779 9.875625 1.999999
v 17.277779 9.875625 1.958333
v 17.277779 9.751250 1.958333
v 17.277779 9.502500 1.958333
v 17.277779 9.253750 1.958333
v 17.277779 9.005000 1.958333
v 17.277779 8.756250 1.958333
v 17.277779 8.507500 1.958333
v 17.277779 8.258750 1.958333
v 17.277779 8.010000 1.958333
v 17.277779 7.761250 1.958333
v 17.277779 7.512500 1.958333
v 17.277779 7.263750 1.958333
v 17.277779 7.015000 1.958333
v 17.277779 6.766250 1.958333
v 17.277779 6.517500 1.958333
v 17.277779 6.268750 1.958333
v 17.277779 6.020000 1.958333
v 17.277779 5.771250 1.958333
v 17.277779 5.522500 1.958333
v 17.277779 5.273750 1.958333
v 17.277779 5.025000 1.958333
v 17.277779 4.776250 1.958333
v 17.277779 4.527500 1.958333
v 17.277779 4.278750 1.958333
v 17.277779 4.030000 1.958333
v 17.277779 3.781250 1.958333
v 17.277779 3.532500 1.958333
v 17.277779 3.283750 1.958333
v 17.277779 3.035000 1.958333
v 17.277779 2.786250 1.958333
v 17.277779 2.537500 1.958333
v 17.277779 2.288750 1.958333
v 17.277779 2.040000 1.958333
v 17.277779 1.791250 1.958333
v 17.277779 1.542500 1.958333
v 17.277779 1.293750 1.958333
v 17.277779 1.045000 1.958333
v 17.277779 0.796250 1.958333
v 17.277779 0.547500 1.958333
v 22.092592 0.050000 1.958333
v 22.212963 0.050000 1.958333
v 22.333334 0.050000 1.958333
v 22.333334 0.050000 2.000000
v 22.212963 0.050000 2.000000
v 22.092592 0.050000 2.000000
v 21.851852 0.050000 2.000000
v 21.611111 0.050000 2.000000
v 21.370371 0.050000 2.000000
v 21.129629 0.050000 2.000000
v 20.888889 0.050000 2.000000
v 20.648148 0.050000 2.000000
v 20.407408 0.050000 2.000000
v 20.166666 0.050000 2.000000
v 19.925926 0.050000 2.000000
v 19.685184 0.050000 2.000000
v 19.444445 0.050000 2.000000
v 19.203703 0.050000 2.000000
v 18.962963 0.050000 2.000000
v 18.722221 0.050000 2.000000
v 18.481482 0.050000 2.000000
v 18.240740 0.050000 2.000000
v 18.000000 0.050000 2.000000
v 17.759260 0.050000 2.000000
v 17.518518 0.050000 2.000000
v 17.398148 0.050000 2.000000
v 17.398148 0.050000 1.958333
v 17.518518 0.050000 1.958333
v 17.759260 0.050000 1.958333
v 18.000000 0.050000 1.958333
v 18.240740 0.050000 1.958333
v 18.481482 0.050000 1.958333
v 18.722221 0.050000 1.958333
v 18.962963 0.050000 1.958333
v 19.203703 0.050000 1.958333
v 19.444445 0.050000 1.958333
v 19.685184 0.050000 1.958333
v 19.925926 0.050000 1.958333
v 20.166666 0.050000 1.958333
v 20.407408 0.050000 1.958333
v 20.648148 0.050000 1.958333
v 20.888889 0.050000 1.958333
v 21.129629 0.050000 1.958333
v 21.370371 0.050000 1.958333
v 21.611111 0.050000 1.958333
v 21.851852 0.050000 1.958333
v 22.333334 9.751250 1.958333
v 22.333334 9.875625 1.958333
v 22.333334 9.875625 1.999999
v 22.333334 9.751250 1.999999
v 22.333334 9.502500 1.999999
v 22.333334 9.253750 1.999999
v 22.333334 9.005000 1.999999
v 22.333334 8.756250 1.999999
v 22.333334 8.507500 1.999999
v 22.333334 8.258750 1.999999
v 22.333334 8.010000 1.999999
v 22.333334 7.761250 1.999999
v 22.333334 7.512500 1.999999
v 22.333334 7.263750 1.999999
v 22.333334 7.015000 2.000000
v 22.333334 6.766250 2.000000
v 22.333334 6.517500 2.000000
v 22.333334 6.268750 2.000000
v 22.333334 6.020000 2.000000
v 22.333334 5.771250 2.000000
v 22.333334 5.522500 2.000000
v 22.333334 5.273750 2.000000
v 22.333334 5.025000 2.000000
v 22.333334 4.776250 2.000000
v 22.333334 4.527500 2.000000
v 22.333334 4.278750 2.000000
v 22.333334 4.030000 2.000000
v 22.333334 3.781250 2.000000
v 22.333334 3.532500 2.000000
v 22.333334 3.283750 2.000000
v 22.333334 3.035000 2.000000
v 22.333334 2.786250 2.000000
v 22.333334 2.537500 2.000000
v 22.333334 2.288750 2.000000
v 22.333334 2.040000 2.000000
v 22.333334 1.791250 2.000000
v 22.333334 1.542500 2.000000
v 22.333334 1.293750 2.000000
v 22.333334 1.045000 2.000000
v 22.333334 0.796250 2.000000
v 22.333334 0.547500 2.000000
v 22.333334 0.298750 2.000000
v 22.333334 0.174375 2.000000
v 22.333334 0.174375 1.958333
v 22.333334 0.298750 1.958333
v 22.333334 0.547500 1.958333
v 22.333334 0.796250 1.958333
v 22.333334 1.045000 1.958333
v 22.333334 1.293750 1.958333
v 22.333334 1.542500 1.958333
v 22.333334 1.791250 1.958333
v 22.333334 2.040000 1.958333
v 22.333334 2.288750 1.958333
v 22.333334 2.537500 1.958333
v 22.333334 2.786250 1.958333
v 22.333334 3.035000 1.958333
v 22.333334 3.283750 1.958333
v 22.333334 3.532500 1.958333
v 22.333334 3.781250 1.958333
v 22.333334 4.030000 1.958333
v 22.333334 4.278750 1.958333
v 22.333334 4.527500 1.958333
v 22.333334 4.776250 1.958333
v 22.333334 5.025000 1.958333
v 22.333334 5.273750 1.958333
v 22.333334 5.522500 1.958333
v 22.333334 5.771250 1.958333
v 22.333334 6.020000 1.958333
v 22.333334 6.268750 1.958333
v 22.333334 6.517500 1.958333
v 22.333334 6.766250 1.958333
v 22.333334 7.015000 1.958333
v 22.333334 7.263750 1.958333
v 22.333334 7.512500 1.958333
v 22.333334 7.761250 1.958333
v 22.333334 8.010000 1.958333
v 22.333334 8.258750 1.958333
v 22.333334 8.507500 1.958333
v 22.333334 8.756250 1.958333
v 22.333334 9.005000 1.958333
v 22.333334 9.253750 1.958333
v 22.333334 9.502500 1.958333
v 17.111111 0.463248 1.958333
v 17.111111 0.339957 1.958333
v 17.111111 0.216667 1.958333
v 17.111111 0.216667 2.000000
v 17.111111 0.339957 2.000000
v 17.111111 0.463248 2.000000
v 17.111111 0.709829 2.000000
v 17.111111 0.956410 2.000000
v 17.111111 1.202992 2.000000
v 17.111111 1.449573 2.000000
v 17.111111 1.696154 2.000000
v 17.111111 1.942735 2.000000
v 17.111111 2.189317 2.000000
v 17.111111 2.435898 2.000000
v 17.111111 2.682479 2.000000
v 17.111111 2.929060 2.000000
v 17.111111 3.175641 2.000000
v 17.111111 3.422222 2.000000
v 17.111111 3.668804 2.000000
v 17.111111 3.915385 2.000000
v 17.111111 4.161966 2.000000
v 17.111111 4.408547 2.000000
v 17.111111 4.655128 2.000000
v 17.111111 4.901710 2.000000
v 17.111111 5.148291 2.000000
v 17.111111 5.394872 2.000000
v 17.111111 5.641453 2.000000
v 17.111111 5.888034 2.000000
v 17.111111 6.134615 2.000000
v 17.111111 6.381196 2.000000
v 17.111111 6.627778 2.000000
v 17.111111 6.874359 2.000000
v 17.111111 7.120940 1.999999
v 17.111111 7.367521 1.999999
v 17.111111 7.614102 1.999999
v 17.111111 7.860684 1.999999
v 17.111111 8.107265 1.999999
v 17.111111 8.353847 1.999999
v 17.111111 8.600428 1.999999
v 17.111111 8.847009 1.999999
v 17.111111 9.093590 1.999999
v 17.111111 9.340171 1.999999
v 17.111111 9.586752 1.999999
v 17.111111 9.710043 1.999999
v 17.111111 9.833333 1.999999
v 17.111111 9.833333 1.958333
v 17.111111 9.710043 1.958333
v 17.111111 9.586752 1.958333
v 17.111111 9.340171 1.958333
v 17.111111 9.093590 1.958333
v 17.111111 8.847009 1.958333
v 17.111111 8.600428 1.958333
v 17.111111 8.353847 1.958333
v 17.111111 8.107265 1.958333
v 17.111111 7.860684 1.958333
v 17.111111 7.614102 1.958333
v 17.111111 7.367521 1.958333
v 17.111111 7.120940 1.958333
v 17.111111 6.874359 1.958333
v 17.111111 6.627778 1.958333
v 17.111111 6.381196 1.958333
v 17.111111 6.134615 1.958333
v 17.111111 5.888034 1.958333
v 17.111111 5.641453 1.958333
v 17.111111 5.394872 1.958333
v 17.111111 5.148291 1.958333
v 17.111111 4.901710 1.958333
v 17.111111 4.655128 1.958333
v 17.111111 4.408547 1.958333
v 17.111111 4.161966 1.958333
v 17.111111 3.915385 1.958333
v 17.111111 3.668804 1.958333
v 17.111111 3.422222 1.958333
v 17.111111 3.175641 1.958333
v 17.111111 2.929060 1.958333
v 17.111111 2.682479 1.958333
v 17.111111 2.435898 1.958333
v 17.111111 2.189317 1.958333
v 17.111111 1.942735 1.958333
v 17.111111 1.696154 1.958333
v 17.111111 1.449573 1.958333
v 17.111111 1.202992 1.958333
v 17.111111 0.956410 1.958333
v 17.111111 0.709829 1.958333
v 12.637427 0.216667 1.958333
v 12.513158 0.216667 1.958333
v 12.388889 0.216667 1.958333
v 12.388889 0.216667 2.000000
v 12.513158 0.216667 2.000000
v 12.637427 0.216667 2.000000
v 12.885965 0.216667 2.000000
v 13.134503 0.216667 2.000000
v 13.383041 0.216667 2.000000
v 13.631579 0.216667 2.000000
v 13.880117 0.216667 2.000000
v 14.128655 0.216667 2.000000
v 14.377193 0.216667 2.000000
v 14.625731 0.216667 2.000000
v 14.874269 0.216667 2.000000
v 15.122807 0.216667 2.000000
v 15.371345 0.216667 2.000000
v 15.619883 0.216667 2.000000
v 15.868421 0.216667 2.000000
v 16.116959 0.216667 2.000000
v 16.365498 0.216667 2.000000
v 16.614035 0.216667 2.000000
v 16.862574 0.216667 2.000000
v 16.986841 0.216667 2.000000
v 16.986841 0.216667 1.958333
v 16.862574 0.216667 1.958333
v 16.614035 0.216667 1.958333
v 16.365498 0.216667 1.958333
v 16.116959 0.216667 1.958333
v 15.868421 0.216667 1.958333
v 15.619883 0.216667 1.958333
v 15.371345 0.216667 1.958333
v 15.122807 0.216667 1.958333
v 14.874269 0.216667 1.958333
v 14.625731 0.216667 1.958333
v 14.377193 0.216667 1.958333
v 14.128655 0.216667 1.958333
v 13.880117 0.216667 1.958333
v 13.631579 0.216667 1.958333
v 13.383041 0.216667 1.958333
v 13.134503 0.216667 1.958333
v 12.885965 0.216667 1.958333
v 12.388889 9.586752 1.958333
v 12.388889 9.710043 1.958333
v 12.388889 9.833333 1.958333
v 12.388889 9.833333 1.999999
v 12.388889 9.710043 1.999999
v 12.388889 9.586752 1.999999
v 12.388889 9.340171 1.999999
v 12.388889 9.093590 1.999999
v 12.388889 8.847009 1.999999
v 12.388889 8.600428 1.999999
v 12.388889 8.353847 1.999999
v 12.388889 8.107265 1.999999
v 12.388889 7.860684 1.999999
v 12.388889 7.614102 1.999999
v 12.388889 7.367521 1.999999
v 12.388889 7.120940 1.999999
v 12.388889 6.874359 2.000000
v 12.388889 6.627778 2.000000
v 12.388889 6.381196 2.000000
v 12.388889 6.134615 2.000000
v 12.388889 5.888034 2.000000
v 12.388889 5.641453 2.000000
v 12.388889 5.394872 2.000000
v 12.388889 5.148291 2.000000
v 12.388889 4.901710 2.000000
v 12.388889 4.655128 2.000000
v 12.388889 4.408547 2.000000
v 12.388889 4.161966 2.000000
v 12.388889 3.915385 2.000000
v 12.388889 3.668804 2.000000
v 12.388889 3.422222 2.000000
v 12.388889 3.175641 2.000000
v 12.388889 2.929060 2.000000
v 12.388889 2.682479 2.000000
v 12.388889 2.435898 2.000000
v 12.388889 2.189317 2.000000
v 12.388889 1.942735 2.000000
v 12.388889 1.696154 2.000000
v 12.388889 1.449573 2.000000
v 12.388889 1.202992 2.000000
v 12.388889 0.956410 2.000000
v 12.388889 0.709829 2.000000
v 12.388889 0.463248 2.000000
v 12.388889 0.339957 2.000000
v 12.388889 0.339957 1.958333
v 12.388889 0.463248 1.958333
v 12.388889 0.709829 1.958333
v 12.388889 0.956410 1.958333
v 12.388889 1.202992 1.958333
v 12.388889 1.449573 1.958333
v 12.388889 1.696154 1.958333
v 12.388889 1.942735 1.958333
v 12.388889 2.189317 1.958333
v 12.388889 2.435898 1.958333
v 12.388889 2.682479 1.958333
v 12.388889 2.929060 1.958333
v 12.388889 3.175641 1.958333
v 12.388889 3.422222 1.958333
v 12.388889 3.668804 1.958333
v 12.388889 3.915385 1.958333
v 12.388889 4.161966 1.958333
v 12.388889 4.408547 1.958333
v 12.388889 4.655128 1.958333
v 12.388889 4.901710 1.958333
v 12.388889 5.148291 1.958333
v 12.388889 5.394872 1.958333
v 12.388889 5.641453 1.958333
v 12.388889 5.888034 1.958333
v 12.388889 6.134615 1.958333
v 12.388889 6.381196 1.958333
v 12.388889 6.627778 1.958333
v 12.388889 6.874359 1.958333
v 12.388889 7.120940 1.958333
v 12.388889 7.367521 1.958333
v 12.388889 7.614102 1.958333
v 12.388889 7.860684 1.958333
v 12.388889 8.107265 1.958333
v 12.388889 8.353847 1.958333
v 12.388889 8.600428 1.958333
v 12.388889 8.847009 1.958333
v 12.388889 9.093590 1.958333
v 12.388889 9.340171 1.958333
v 16.862574 9.833333 1.958333
v 16.986841 9.833333 1.958333
v 16.986841 9.833333 1.999999
v 16.862574 9.833333 1.999999
v 16.614035 9.833333 1.999999
v 16.365498 9.833333 1.999999
v 16.116959 9.833333 1.999999
v 15.868421 9.833333 1.999999
v 15.619883 9.833333 1.999999
v 15.371345 9.833333 1.999999
v 15.122807 9.833333 1.999999
v 14.874269 9.833333 1.999999
v 14.625731 9.833333 1.999999
v 14.377193 9.833333 1.999999
v 14.128655 9.833333 1.999999
v 13.880117 9.833333 1.999999
v 13.631579 9.833333 1.999999
v 13.383041 9.833333 1.999999
v 13.134503 9.833333 1.999999
v 12.885965 9.833333 1.999999
v 12.637427 9.833333 1.999999
v 12.513158 9.833333 1.999999
v 12.513158 9.833333 1.958333
v 12.637427 9.833333 1.958333
v 12.885965 9.833333 1.958333
v 13.134503 9.833333 1.958333
v 13.383041 9.833333 1.958333
v 13.631579 9.833333 1.958333
v 13.880117 9.833333 1.958333
v 14.128655 9.833333 1.958333
v 14.377193 9.833333 1.958333
v 14.625731 9.833333 1.958333
v 14.874269 9.833333 1.958333
v 15.122807 9.833333 1.958333
v 15.371345 9.833333 1.958333
v 15.619883 9.833333 1.958333
v 15.868421 9.833333 1.958333
v 16.116959 9.833333 1.958333
v 16.365498 9.833333 1.958333
v 16.614035 9.833333 1.958333
v 12.055555 0.463248 1.958333
v 12.055555 0.339957 1.958333
v 12.055555 0.216667 1.958333
v 12.055555 0.216667 2.000000
v 12.055555 0.339957 2.000000
v 12.055555 0.463248 2.000000
v 12.055555 0.709829 2.000000
v 12.055555 0.956410 2.000000
v 12.055555 1.202992 2.000000
v 12.055555 1.449573 2.000000
v 12.055555 1.696154 2.000000
v 12.055555 1.942735 2.000000
v 12.055555 2.189317 2.000000
v 12.055555 2.435898 2.000000
v 12.055555 2.682479 2.000000
v 12.055555 2.929060 2.000000
v 12.055555 3.175641 2.000000
v 12.055555 3.422222 2.000000
v 12.055555 3.668804 2.000000
v 12.055555 3.915385 2.000000
v 12.055555 4.161966 2.000000
v 12.055555 4.408547 2.000000
v 12.055555 4.655128 2.000000
v 12.055555 4.901710 2.000000
v 12.055555 5.148291 2.000000
v 12.055555 5.394872 2.000000
v 12.055555 5.641453 2.000000
v 12.055555 5.888034 2.000000
v 12.055555 6.134615 2.000000
v 12.055555 6.381196 2.000000
v 12.055555 6.627778 2.000000
v 12.055555 6.874359 2.000000
v 12.055555 7.120940 1.999999
v 12.055555 7.367521 1.999999
v 12.055555 7.614102 1.999999
v 12.055555 7.860684 1.999999
v 12.055555 8.107265 1.999999
v 12.055555 8.353847 1.999999
v 12.055555 8.600428 1.999999
v 12.055555 8.847009 1.999999
v 12.055555 9.093590 1.999999
v 12.055555 9.340171 1.999999
v 12.055555 9.586752 1.999999
v 12.055555 9.710043 1.999999
v 12.055555 9.833333 1.999999
v 12.055555 9.833333 1.958333
v 12.055555 9.710043 1.958333
v 12.055555 9.586752 1.958333
v 12.055555 9.340171 1.958333
v 12.055555 9.093590 1.958333
v 12.055555 8.847009 1.958333
v 12.055555 8.600428 1.958333
v 12.055555 8.353847 1.958333
v 12.055555 8.107265 1.958333
v 12.055555 7.860684 1.958333
v 12.055555 7.614102 1.958333
v 12.055555 7.367521 1.958333
v 12.055555 7.120940 1.958333
v 12.055555 6.874359 1.958333
v 12.055555 6.627778 1.958333
v 12.055555 6.381196 1.958333
v 12.055555 6.134615 1.958333
v 12.055555 5.888034 1.958333
v 12.055555 5.641453 1.958333
v 12.055555 5.394872 1.958333
v 12.055555 5.148291 1.958333
v 12.055555 4.901710 1.958333
v 12.055555 4.655128 1.958333
v 12.055555 4.408547 1.958333
v 12.055555 4.161966 1.958333
v 12.055555 3.915385 1.958333
v 12.055555 3.668804 1.958333
v 12.055555 3.422222 1.958333
v 12.055555 3.175641 1.958333
v 12.055555 2.929060 1.958333
v 12.055555 2.682479 1.958333
v 12.055555 2.435898 1.958333
v 12.055555 2.189317 1.958333
v 12.055555 1.942735 1.958333
v 12.055555 1.696154 1.958333
v 12.055555 1.449573 1.958333
v 12.055555 1.202992 1.958333
v 12.055555 0.956410 1.958333
v 12.055555 0.709829 1.958333
v 7.581872 0.216667 1.958333
v 7.457603 0.216667 1.958333
v 7.333333 0.216667 1.958333
v 7.333333 0.216667 2.000000
v 7.457603 0.216667 2.000000
v 7.581872 0.216667 2.000000
v 7.830410 0.216667 2.000000
v 8.078947 0.216667 2.000000
v 8.327485 0.216667 2.000000
v 8.576023 0.216667 2.000000
v 8.824561 0.216667 2.000000
v 9.073099 0.216667 2.000000
v 9.321637 0.216667 2.000000
v 9.570175 0.216667 2.000000
v 9.818713 0.216667 2.000000
v 10.067251 0.216667 2.000000
v 10.315789 0.216667 2.000000
v 10.564327 0.216667 2.000000
v 10.812865 0.216667 2.000000
v 11.061403 0.216667 2.000000
v 11.309941 0.216667 2.000000
v 11.558479 0.216667 2.000000
v 11.807017 0.216667 2.000000
v 11.931287 0.216667 2.000000
v 11.931287 0.216667 1.958333
v 11.807017 0.216667 1.958333
v 11.558479 0.216667 1.958333
v 11.309941 0.216667 1.958333
v 11.061403 0.216667 1.958333
v 10.812865 0.216667 1.958333
v 10.564327 0.216667 1.958333
v 10.315789 0.216667 1.958333
v 10.067251 0.216667 1.958333
v 9.818713 0.216667 1.958333
v 9.570175 0.216667 1.958333
v 9.321637 0.216667 1.958333
v 9.073099 0.216667 1.958333
v 8.824561 0.216667 1.958333
v 8.576023 0.216667 1.958333
v 8.327485 0.216667 1.958333
v 8.078947 0.216667 1.958333
v 7.830410 0.216667 1.958333
v 7.333333 9.586752 1.958333
v 7.333333 9.710043 1.958333
v 7.333333 9.833333 1.958333
v 7.333333 9.833333 1.999999
v 7.333333 9.710043 1.999999
v 7.333333 9.586752 1.999999
v 7.333333 9.340171 1.999999
v 7.333333 9.093590 1.999999
v 7.333333 8.847009 1.999999
v 7.333333 8.600428 1.999999
v 7.333333 8.353847 1.999999
v 7.333333 8.107265 1.999999
v 7.333333 7.860684 1.999999
v 7.333333 7.614102 1.999999
v 7.333333 7.367521 1.999999
v 7.333333 7.120940 1.999999
v 7.333333 6.874359 2.000000
v 7.333333 6.627778 2.000000
v 7.333333 6.381196 2.000000
v 7.333333 6.134615 2.000000
v 7.333333 5.888034 2.000000
v 7.333333 5.641453 2.000000
v 7.333333 5.394872 2.000000
v 7.333333 5.148291 2.000000
v 7.333333 4.901710 2.000000
v 7.333333 4.655128 2.000000
v 7.333333 4.408547 2.000000
v 7.333333 4.161966 2.000000
v 7.333333 3.915385 2.000000
v 7.333333 3.668804 2.000000
v 7.333333 3.422222 2.000000
v 7.333333 3.175641 2.000000
v 7.333333 2.929060 2.000000
v 7.333333 2.682479 2.000000
v 7.333333 2.435898 2.000000
v 7.333333 2.189317 2.000000
v 7.333333 1.942735 2.000000
v 7.333333 1.696154 2.000000
v 7.333333 1.449573 2.000000
v 7.333333 1.202992 2.000000
v 7.333333 0.956410 2.000000
v 7.333333 0.709829 2.000000
v 7.333333 0.463248 2.000000
v 7.333333 0.339957 2.000000
v 7.333333 0.339957 1.958333
v 7.333333 0.463248 1.958333
v 7.333333 0.709829 1.958333
v 7.333333 0.956410 1.958333
v 7.333333 1.202992 1.958333
v 7.333333 1.449573 1.958333
v 7.333333 1.696154 1.958333
v 7.333333 1.942735 1.958333
v 7.333333 2.189317 1.958333
v 7.333333 2.435898 1.958333
v 7.333333 2.682479 1.958333
v 7.333333 2.929060 1.958333
v 7.333333 3.175641 1.958333
v 7.333333 3.422222 1.958333
v 7.333333 3.668804 1.958333
v 7.333333 3.915385 1.958333
v 7.333333 4.161966 1.958333
v 7.333333 4.408547 1.958333
v 7.333333 4.655128 1.958333
v 7.333333 4.901710 1.958333
v 7.333333 5.148291 1.958333
v 7.333333 5.394872 1.958333
v 7.333333 5.641453 1.958333
v 7.333333 5.888034 1.958333
v 7.333333 6.134615 1.958333
v 7.333333 6.381196 1.958333
v 7.333333 6.627778 1.958333
v 7.333333 6.874359 1.958333
v 7.333333 7.120940 1.958333
v 7.333333 7.367521 1.958333
v 7.333333 7.614102 1.958333
v 7.333333 7.860684 1.958333
v 7.333333 8.107265 1.958333
v 7.333333 8.353847 1.958333
v 7.333333 8.600428 1.958333
v 7.333333 8.847009 1.958333
v 7.333333 9.093590 1.958333
v 7.333333 9.340171 1.958333
v 11.807017 9.833333 1.958333
v 11.931287 9.833333 1.958333
v 11.931287 9.833333 1.999999
v 11.807017 9.833333 1.999999
v 11.558479 9.833333 1.999999
v 11.309941 9.833333 1.999999
v 11.061403 9.833333 1.999999
v 10.812865 9.833333 1.999999
v 10.564327 9.833333 1.999999
v 10.315789 9.833333 1.999999
v 10.067251 9.833333 1.999999
v 9.818713 9.833333 1.999999
v 9.570175 9.833333 1.999999
v 9.321637 9.833333 1.999999
v 9.073099 9.833333 1.999999
v 8.824561 9.833333 1.999999
v 8.576023 9.833333 1.999999
v 8.327485 9.833333 1.999999
v 8.078947 9.833333 1.999999
v 7.830410 9.833333 1.999999
v 7.581872 9.833333 1.999999
v 7.457603 9.833333 1.999999
v 7.457603 9.833333 1.958333
v 7.581872 9.833333 1.958333
v 7.830410 9.833333 1.958333
v 8.078947 9.833333 1.958333
v 8.327485 9.833333 1.958333
v 8.576023 9.833333 1.958333
v 8.824561 9.833333 1.958333
v 9.073099 9.833333 1.958333
v 9.321637 9.833333 1.958333
v 9.570175 9.833333 1.958333
v 9.818713 9.833333 1.958333
v 10.067251 9.833333 1.958333
v 10.315789 9.833333 1.958333
v 10.564327 9.833333 1.958333
v 10.812865 9.833333 1.958333
v 11.061403 9.833333 1.958333
v 11.309941 9.833333 1.958333
v 11.558479 9.833333 1.958333
v 7.407407 10.000000 1.958333
v 7.287037 10.000000 1.958333
v 7.166667 10.000000 1.958333
v 7.166667 10.000000 1.999999
v 7.287037 10.000000 1.999999
v 7.407407 10.000000 1.999999
v 7.648148 10.000000 1.999999
v 7.888889 10.000000 1.999999
v 8.129630 10.000000 1.999999
v 8.370370 10.000000 1.999999
v 8.611111 10.000000 1.999999
v 8.851851 10.000000 1.999999
v 9.092592 10.000000 1.999999
v 9.333333 10.000000 1.999999
v 9.574074 10.000000 1.999999
v 9.814815 10.000000 1.999999
v 10.055555 10.000000 1.999999
v 10.296296 10.000000 1.999999
v 10.537037 10.000000 1.999999
v 10.777778 10.000000 1.999999
v 11.018518 10.000000 1.999999
v 11.259259 10.000000 1.999999
v 11.500000 10.000000 1.999999
v 11.740741 10.000000 1.999999
v 11.981482 10.000000 1.999999
v 12.101851 10.000000 1.999999
v 12.222222 10.000000 1.999999
v 12.222222 10.000000 1.958333
v 12.101851 10.000000 1.958333
v 11.981482 10.000000 1.958333
v 11.740741 10.000000 1.958333
v 11.500000 10.000000 1.958333
v 11.259259 10.000000 1.958333
v 11.018518 10.000000 1.958333
v 10.777778 10.000000 1.958333
v 10.537037 10.000000 1.958333
v 10.296296 10.000000 1.958333
v 10.055555 10.000000 1.958333
v 9.814815 10.000000 1.958333
v 9.574074 10.000000 1.958333
v 9.333333 10.000000 1.958333
v 9.092592 10.000000 1.958333
v 8.851851 10.000000 1.958333
v 8.611111 10.000000 1.958333
v 8.370370 10.000000 1.958333
v 8.129630 10.000000 1.958333
v 7.888889 10.000000 1.958333
v 7.648148 10.000000 1.958333
v 7.166667 0.298750 1.958333
v 7.166667 0.174375 1.958333
v 7.166667 0.050000 1.958333
v 7.166667 0.050000 2.000000
v 7.166667 0.174375 2.000000
v 7.166667 0.298750 2.000000
v 7.166667 0.547500 2.000000
v 7.166667 0.796250 2.000000
v 7.166667 1.045000 2.000000
v 7.166667 1.293750 2.000000
v 7.166667 1.542500 2.000000
v 7.166667 1.791250 2.000000
v 7.166667 2.040000 2.000000
v 7.166667 2.288750 2.000000
v 7.166667 2.537500 2.000000
v 7.166667 2.786250 2.000000
v 7.166667 3.035000 2.000000
v 7.166667 3.283750 2.000000
v 7.166667 3.532500 2.000000
v 7.166667 3.781250 2.000000
v 7.166667 4.030000 2.000000
v 7.166667 4.278750 2.000000
v 7.166667 4.527500 2.000000
v 7.166667 4.776250 2.000000
v 7.166667 5.025000 2.000000
v 7.166667 5.273750 2.000000
v 7.166667 5.522500 2.000000
v 7.166667 5.771250 2.000000
v 7.166667 6.020000 2.000000
v 7.166667 6.268750 2.000000
v 7.166667 6.517500 2.000000
v 7.166667 6.766250 2.000000
v 7.166667 7.015000 2.000000
v 7.166667 7.263750 1.999999
v 7.166667 7.512500 1.999999
v 7.166667 7.761250 1.999999
v 7.166667 8.010000 1.999999
v 7.166667 8.258750 1.999999
v 7.166667 8.507500 1.999999
v 7.166667 8.756250 1.999999
v 7.166667 9.005000 1.999999
v 7.166667 9.253750 1.999999
v 7.166667 9.502500 1.999999
v 7.166667 9.751250 1.999999
v 7.166667 9.875625 1.999999
v 7.166667 9.875625 1.958333
v 7.166667 9.751250 1.958333
v 7.166667 9.502500 1.958333
v 7.166667 9.253750 1.958333
v 7.166667 9.005000 1.958333
v 7.166667 8.756250 1.958333
v 7.166667 8.507500 1.958333
v 7.166667 8.258750 1.958333
v 7.166667 8.010000 1.958333
v 7.166667 7.761250 1.958333
v 7.166667 7.512500 1.958333
v 7.166667 7.263750 1.958333
v 7.166667 7.015000 1.958333
v 7.166667 6.766250 1.958333
v 7.166667 6.517500 1.958333
v 7.166667 6.268750 1.958333
v 7.166667 6.020000 1.958333
v 7.166667 5.771250 1.958333
v 7.166667 5.522500 1.958333
v 7.166667 5.273750 1.958333
v 7.166667 5.025000 1.958333
v 7.166667 4.776250 1.958333
v 7.166667 4.527500 1.958333
v 7.166667 4.278750 1.958333
v 7.166667 4.030000 1.958333
v 7.166667 3.781250 1.958333
v 7.166667 3.532500 1.958333
v 7.166667 3.283750 1.958333
v 7.166667 3.035000 1.958333
v 7.166667 2.786250 1.958333
v 7.166667 2.537500 1.958333
v 7.166667 2.288750 1.958333
v 7.166667 2.040000 1.958333
v 7.166667 1.791250 1.958333
v 7.166667 1.542500 1.958333
v 7.166667 1.293750 1.958333
v 7.166667 1.045000 1.958333
v 7.166667 0.796250 1.958333
v 7.166667 0.547500 1.958333
v 11.981482 0.050000 1.958333
v 12.101851 0.050000 1.958333
v 12.222222 0.050000 1.958333
v 12.222222 0.050000 2.000000
v 12.101851 0.050000 2.000000
v 11.981482 0.050000 2.000000
v 11.740741 0.050000 2.000000
v 11.500000 0.050000 2.000000
v 11.259259 0.050000 2.000000
v 11.018518 0.050000 2.000000
v 10.777778 0.050000 2.000000
v 10.537037 0.050000 2.000000
v 10.296296 0.050000 2.000000
v 10.055555 0.050000 2.000000
v 9.814815 0.050000 2.000000
v 9.574074 0.050000 2.000000
v 9.333333 0.050000 2.000000
v 9.092592 0.050000 2.000000
v 8.851851 0.050000 2.000000
v 8.611111 0.050000 2.000000
v 8.370370 0.050000 2.000000
v 8.129630 0.050000 2.000000
v 7.888889 0.050000 2.000000
v 7.648148 0.050000 2.000000
v 7.407407 0.050000 2.000000
v 7.287037 0.050000 2.000000
v 7.287037 0.050000 1.958333
v 7.407407 0.050000 1.958333
v 7.648148 0.050000 1.958333
v 7.888889 0.050000 1.958333
v 8.129630 0.050000 1.958333
v 8.370370 0.050000 1.958333
v 8.611111 0.050000 1.958333
v 8.851851 0.050000 1.958333
v 9.092592 0.050000 1.958333
v 9.333333 0.050000 1.958333
v 9.574074 0.050000 1.958333
v 9.814815 0.050000 1.958333
v 10.055555 0.050000 1.958333
v 10.296296 0.050000 1.958333
v 10.537037 0.050000 1.958333
v 10.777778 0.050000 1.958333
v 11.018518 0.050000 1.958333
v 11.259259 0.050000 1.958333
v 11.500000 0.050000 1.958333
v 11.740741 0.050000 1.958333
v 12.222222 9.751250 1.958333
v 12.222222 9.875625 1.958333
v 12.222222 9.875625 1.999999
v 12.222222 9.751250 1.999999
v 12.222222 9.502500 1.999999
v 12.222222 9.253750 1.999999
v 12.222222 9.005000 1.999999
v 12.222222 8.756250 1.999999
v 12.222222 8.507500 1.999999
v 12.222222 8.258750 1.999999
v 12.222222 8.010000 1.999999
v 12.222222 7.761250 1.999999
v 12.222222 7.512500 1.999999
v 12.222222 7.263750 1.999999
v 12.222222 7.015000 2.000000
v 12.222222 6.766250 2.000000
v 12.222222 6.517500 2.000000
v 12.222222 6.268750 2.000000
v 12.222222 6.020000 2.000000
v 12.222222 5.771250 2.000000
v 12.222222 5.522500 2.000000
v 12.222222 5.273750 2.000000
v 12.222222 5.025000 2.000000
v 12.222222 4.776250 2.000000
v 12.222222 4.527500 2.000000
v 12.222222 4.278750 2.000000
v 12.222222 4.030000 2.000000
v 12.222222 3.781250 2.000000
v 12.222222 3.532500 2.000000
v 12.222222 3.283750 2.000000
v 12.222222 3.035000 2.000000
v 12.222222 2.786250 2.000000
v 12.222222 2.537500 2.000000
v 12.222222 2.288750 2.000000
v 12.222222 2.040000 2.000000
v 12.222222 1.791250 2.000000
v 12.222222 1.542500 2.000000
v 12.222222 1.293750 2.000000
v 12.222222 1.045000 2.000000
v 12.222222 0.796250 2.000000
v 12.222222 0.547500 2.000000
v 12.222222 0.298750 2.000000
v 12.222222 0.174375 2.000000
v 12.222222 0.174375 1.958333
v 12.222222 0.298750 1.958333
v 12.222222 0.547500 1.958333
v 12.222222 0.796250 1.958333
v 12.222222 1.045000 1.958333
v 12.222222 1.293750 1.958333
v 12.222222 1.542500 1.958333
v 12.222222 1.791250 1.958333
v 12.222222 2.040000 1.958333
v 12.222222 2.288750 1.958333
v 12.222222 2.537500 1.958333
v 12.222222 2.786250 1.958333
v 12.222222 3.035000 1.958333
v 12.222222 3.283750 1.958333
v 12.222222 3.532500 1.958333
v 12.222222 3.781250 1.958333
v 12.222222 4.030000 1.958333
v 12.222222 4.278750 1.958333
v 12.222222 4.527500 1.958333
v 12.222222 4.776250 1.958333
v 12.222222 5.025000 1.958333
v 12.222222 5.273750 1.958333
v 12.222222 5.522500 1.958333
v 12.222222 5.771250 1.958333
v 12.222222 6.020000 1.958333
v 12.222222 6.268750 1.958333
v 12.222222 6.517500 1.958333
v 12.222222 6.766250 1.958333
v 12.222222 7.015000 1.958333
v 12.222222 7.263750 1.958333
v 12.222222 7.512500 1.958333
v 12.222222 7.761250 1.958333
v 12.222222 8.010000 1.958333
v 12.222222 8.258750 1.958333
v 12.222222 8.507500 1.958333
v 12.222222 8.756250 1.958333
v 12.222222 9.005000 1.958333
v 12.222222 9.253750 1.958333
v 12.222222 9.502500 1.958333
v 17.444445 0.216667 2.000000
v 17.444445 1.178333 2.000000
v 17.277779 1.471429 2.000000
v 17.277779 0.050000 2.000000
v 18.000000 0.050000 2.000000
v 18.388889 0.216667 2.000000
v 17.277779 2.892857 2.000000
v 17.444445 2.140000 2.000000
v 17.444445 3.101667 2.000000
v 17.277779 4.314286 2.000000
v 17.444445 4.063334 2.000000
v 18.722221 0.050000 2.000000
v 19.444445 0.050000 2.000000
v 19.333334 0.216667 2.000000
v 17.444445 5.025000 2.000000
v 17.444445 5.986667 2.000000
v 17.277779 5.735714 2.000000
v 17.277779 7.157143 1.999999
v 17.444445 6.948333 2.000000
v 17.444445 7.910000 1.999999
v 17.277779 8.578571 1.999999
v 17.277779 10.000000 1.999999
v 17.444445 8.871667 1.999999
v 17.444445 9.833333 1.999999
v 18.388889 9.833333 1.999999
v 18.000000 10.000000 1.999999
v 18.722221 10.000000 1.999999
v 19.444445 10.000000 1.999999
v 19.333334 9.833333 1.999999
v 20.277779 9.833333 1.999999
v 20.166666 10.000000 1.999999
v 20.277779 0.216667 2.000000
v 20.166666 0.050000 2.000000
v 20.888889 0.050000 2.000000
v 21.222221 0.216667 2.000000
v 21.611111 0.050000 2.000000
v 22.166666 0.216667 2.000000
v 22.166666 1.178333 2.000000
v 22.333334 0.050000 2.000000
v 22.333334 1.471429 2.000000
v 22.166666 2.140000 2.000000
v 22.333334 2.892857 2.000000
v 22.166666 3.101667 2.000000
v 22.166666 4.063334 2.000000
v 22.333334 4.314286 2.000000
v 22.166666 5.025000 2.000000
v 22.333334 5.735714 2.000000
v 22.166666 5.986667 2.000000
v 20.888889 10.000000 1.999999
v 21.222221 9.833333 1.999999
v 21.611111 10.000000 1.999999
v 22.333334 7.157143 1.999999
v 22.166666 7.910000 1.999999
v 22.166666 6.948333 2.000000
v 22.333334 8.578571 1.999999
v 22.166666 9.833333 1.999999
v 22.333334 10.000000 1.999999
v 22.166666 8.871667 1.999999
v 12.388889 0.216667 2.000000
v 12.388889 1.178333 2.000000
v 12.222222 1.471429 2.000000
v 12.222222 0.050000 2.000000
v 12.944445 0.050000 2.000000
v 13.333333 0.216667 2.000000
v 12.222222 2.892857 2.000000
v 12.388889 2.140000 2.000000
v 12.388889 3.101667 2.000000
v 12.388889 5.025000 2.000000
v 12.222222 4.314286 2.000000
v 12.388889 4.063334 2.000000
v 13.666667 0.050000 2.000000
v 14.277778 0.216667 2.000000
v 14.388889 0.050000 2.000000
v 12.388889 5.986667 2.000000
v 12.222222 7.157143 1.999999
v 12.222222 5.735714 2.000000
v 12.388889 7.910000 1.999999
v 12.222222 8.578571 1.999999
v 12.222222 10.000000 1.999999
v 12.388889 8.871667 1.999999
v 12.388889 9.833333 1.999999
v 12.944445 10.000000 1.999999
v 12.388889 6.948333 2.000000
v 13.333333 9.833333 1.999999
v 13.666667 10.000000 1.999999
v 14.388889 10.000000 1.999999
v 14.277778 9.833333 1.999999
v 15.222222 9.833333 1.999999
v 15.111111 10.000000 1.999999
v 15.222222 0.216667 2.000000
v 15.111111 0.050000 2.000000
v 15.833333 0.050000 2.000000
v 16.166666 0.216667 2.000000
v 16.555555 0.050000 2.000000
v 17.111111 0.216667 2.000000
v 17.277779 0.050000 2.000000
v 17.111111 1.178333 2.000000
v 17.277779 1.471429 2.000000
v 17.111111 2.140000 2.000000
v 17.277779 2.892857 2.000000
v 17.111111 3.101667 2.000000
v 17.111111 4.063334 2.000000
v 17.277779 4.314286 2.000000
v 17.111111 5.025000 2.000000
v 17.277779 5.735714 2.000000
v 17.111111 5.986667 2.000000
v 15.833333 10.000000 1.999999
v 16.166666 9.833333 1.999999
v 16.555555 10.000000 1.999999
v 17.277779 7.157143 1.999999
v 17.111111 7.910000 1.999999
v 17.111111 6.948333 2.000000
v 17.277779 8.578571 1.999999
v 17.111111 9.833333 1.999999
v 17.277779 10.000000 1.999999
v 17.111111 8.871667 1.999999
v 7.333333 0.216667 2.000000
v 7.333333 1.178333 2.000000
v 7.166667 1.471429 2.000000
v 7.166667 0.050000 2.000000
v 7.888889 0.050000 2.000000
v 8.277778 0.216667 2.000000
v 7.166667 2.892857 2.000000
v 7.333333 2.140000 2.000000
v 7.333333 3.101667 2.000000
v 7.166667 4.314286 2.000000
v 7.333333 4.063334 2.000000
v 8.611111 0.050000 2.000000
v 9.222222 0.216667 2.000000
v 9.333333 0.050000 2.000000
v 7.333333 5.025000 2.000000
v 7.333333 5.986667 2.000000
v 7.166667 5.735714 2.000000
v 7.166667 7.157143 1.999999
v 7.333333 6.948333 2.000000
v 7.166667 8.578571 1.999999
v 7.333333 7.910000 1.999999
v 7.166667 10.000000 1.999999
v 7.333333 8.871667 1.999999
v 7.333333 9.833333 1.999999
v 8.277778 9.833333 1.999999
v 7.888889 10.000000 1.999999
v 8.611111 10.000000 1.999999
v 9.333333 10.000000 1.999999
v 9.222222 9.833333 1.999999
v 10.166667 9.833333 1.999999
v 10.055555 10.000000 1.999999
v 10.055555 0.050000 2.000000
v 10.777778 0.050000 2.000000
v 11.111111 0.216667 2.000000
v 10.166667 0.216667 2.000000
v 11.500000 0.050000 2.000000
v 12.055555 0.216667 2.000000
v 12.222222 0.050000 2.000000
v 12.055555 1.178333 2.000000
v 12.055555 2.140000 2.000000
v 12.222222 1.471429 2.000000
v 12.222222 2.892857 2.000000
v 12.055555 4.063334 2.000000
v 12.055555 3.101667 2.000000
v 12.222222 4.314286 2.000000
v 12.055555 5.025000 2.000000
v 12.222222 5.735714 2.000000
v 12.055555 5.986667 2.000000
v 10.777778 10.000000 1.999999
v 11.111111 9.833333 1.999999
v 11.500000 10.000000 1.999999
v 12.222222 7.157143 1.999999
v 12.055555 7.910000 1.999999
v 12.055555 6.948333 2.000000
v 12.222222 8.578571 1.999999
v 12.055555 9.833333 1.999999
v 12.222222 10.000000 1.999999
v 12.055555 8.871667 1.999999
vt 0.001126 0.958396
vt 0.001126 0.963175
vt 0.001126 0.967954
vt 0.000000 0.967954
vt 0.000000 0.963175
vt 0.000000 0.958396
vt 0.000000 0.948839
vt 0.000000 0.939281
vt 0.000000 0.929724
vt 0.000000 0.920166
vt 0.000000 0.910609
vt 0.000000 0.901052
vt 0.000000 0.891494
vt 0.000000 0.881937
vt 0.000000 0.872379
vt 0.000000 0.862822
vt 0.000000 0.853264
vt 0.000000 0.843707
vt 0.000000 0.834149
vt 0.000000 0.824592
vt 0.000000 0.815034
vt 0.000000 0.805477
vt 0.000000 0.800698
vt 0.000000 0.795919
vt 0.001126 0.795919
vt 0.001126 0.800698
vt 0.001126 0.805477
vt 0.001126 0.815034
vt 0.001126 0.824592
vt 0.001126 0.834149
vt 0.001126 0.843707
vt 0.001126 0.853264
vt 0.001126 0.862822
vt 0.001126 0.872379
vt 0.001126 0.881937
vt 0.001126 0.891494
vt 0.001126 0.901052
vt 0.001126 0.910609
vt 0.001126 0.920166
vt 0.001126 0.929724
vt 0.001126 0.939281
vt 0.001126 0.948839
vt 0.998874 0.029875
vt 0.998874 0.017437
vt 0.998874 0.005000
vt 1.000000 0.005000
vt 1.000000 0.017437
vt 1.000000 0.029875
vt 1.000000 0.054750
vt 1.000000 0.079625
vt 1.000000 0.104500
vt 1.000000 0.129375
vt 1.000000 0.154250
vt 1.000000 0.179125
vt 1.000000 0.204000
vt 1.000000 0.228875
vt 1.000000 0.253750
vt 1.000000 0.278625
vt 1.000000 0.303500
vt 1.000000 0.328375
vt 1.000000 0.353250
vt 1.000000 0.378125
vt 1.000000 0.403000
vt 1.000000 0.427875
vt 1.000000 0.452750
vt 1.000000 0.477625
vt 1.000000 0.502500
vt 1.000000 0.527375
vt 1.000000 0.552250
vt 1.000000 0.577125
vt 1.000000 0.602000
vt 1.000000 0.626875
vt 1.000000 0.651750
vt 1.000000 0.676625
vt 1.000000 0.701500
vt 1.000000 0.726375
vt 1.000000 0.751250
vt 1.000000 0.776125
vt 1.000000 0.801000
vt 1.000000 0.825875
vt 1.000000 0.850750
vt 1.000000 0.875625
vt 1.000000 0.900500
vt 1.000000 0.925375
vt 1.000000 0.950250
vt 1.000000 0.975125
vt 1.000000 0.987562
vt 1.000000 1.000000
vt 0.998874 1.000000
vt 0.998874 0.987562
vt 0.998874 0.975125
vt 0.998874 0.950250
vt 0.998874 0.925375
vt 0.998874 0.900500
vt 0.998874 0.875625
vt 0.998874 0.850750
vt 0.998874 0.825875
vt 0.998874 0.801000
vt 0.998874 0.776125
vt 0.998874 0.751250
vt 0.998874 0.726375
vt 0.998874 0.701500
vt 0.998874 0.676625
vt 0.998874 0.651750
vt 0.998874 0.626875
vt 0.998874 0.602000
vt 0.998874 0.577125
vt 0.998874 0.552250
vt 0.998874 0.527375
vt 0.998874 0.502500
vt 0.998874 0.477625
vt 0.998874 0.452750
vt 0.998874 0.427875
vt 0.998874 0.403000
vt 0.998874 0.378125
vt 0.998874 0.353250
vt 0.998874 0.328375
vt 0.998874 0.303500
vt 0.998874 0.278625
vt 0.998874 0.253750
vt 0.998874 0.228875
vt 0.998874 0.204000
vt 0.998874 0.179125
vt 0.998874 0.154250
vt 0.998874 0.129375
vt 0.998874 0.104500
vt 0.998874 0.079625
vt 0.998874 0.054750
vt 0.998874 0.805477
vt 0.998874 0.800698
vt 0.998874 0.795919
vt 1.000000 0.795919
vt 1.000000 0.800698
vt 1.000000 0.805477
vt 1.000000 0.815034
vt 1.000000 0.824592
vt 1.000000 0.834149
vt 1.000000 0.843707
vt 1.000000 0.853264
vt 1.000000 0.862822
vt 1.000000 0.872379
vt 1.000000 0.881937
vt 1.000000 0.891494
vt 1.000000 0.901052
vt 1.000000 0.910609
vt 1.000000 0.920166
vt 1.000000 0.929724
vt 1.000000 0.939281
vt 1.000000 0.948839
vt 1.000000 0.958396
vt 1.000000 0.963175
vt 1.000000 0.967954
vt 0.998874 0.967954
vt 0.998874 0.963175
vt 0.998874 0.958396
vt 0.998874 0.948839
vt 0.998874 0.939281
vt 0.998874 0.929724
vt 0.998874 0.920166
vt 0.998874 0.910609
vt 0.998874 0.901052
vt 0.998874 0.891494
vt 0.998874 0.881937
vt 0.998874 0.872379
vt 0.998874 0.862822
vt 0.998874 0.853264
vt 0.998874 0.843707
vt 0.998874 0.834149
vt 0.998874 0.824592
vt 0.998874 0.815034
vt 0.001126 0.975125
vt 0.001126 0.987562
vt 0.001126 1.000000
vt 0.000000 1.000000
vt 0.000000 0.987562
vt 0.000000 0.975125
vt 0.000000 0.950250
vt 0.000000 0.925375
vt 0.000000 0.900500
vt 0.000000 0.875625
vt 0.000000 0.850750
vt 0.000000 0.825875
vt 0.000000 0.801000
vt 0.000000 0.776125
vt 0.000000 0.751250
vt 0.000000 0.726375
vt 0.000000 0.701500
vt 0.000000 0.676625
vt 0.000000 0.651750
vt 0.000000 0.626875
vt 0.000000 0.602000
vt 0.000000 0.577125
vt 0.000000 0.552250
vt 0.000000 0.527375
vt 0.000000 0.502500
vt 0.000000 0.477625
vt 0.000000 0.452750
vt 0.000000 0.427875
vt 0.000000 0.403000
vt 0.000000 0.378125
vt 0.000000 0.353250
vt 0.000000 0.328375
vt 0.000000 0.303500
vt 0.000000 0.278625
vt 0.000000 0.253750
vt 0.000000 0.228875
vt 0.000000 0.204000
vt 0.000000 0.179125
vt 0.000000 0.154250
vt 0.000000 0.129375
vt 0.000000 0.104500
vt 0.000000 0.079625
vt 0.000000 0.054750
vt 0.000000 0.029875
vt 0.000000 0.017437
vt 0.000000 0.005000
vt 0.001126 0.005000
vt 0.001126 0.017437
vt 0.001126 0.029875
vt 0.001126 0.054750
vt 0.001126 0.079625
vt 0.001126 0.104500
vt 0.001126 0.129375
vt 0.001126 0.154250
vt 0.001126 0.179125
vt 0.001126 0.204000
vt 0.001126 0.228875
vt 0.001126 0.253750
vt 0.001126 0.278625
vt 0.001126 0.303500
vt 0.001126 0.328375
vt 0.001126 0.353250
vt 0.001126 0.378125
vt 0.001126 0.403000
vt 0.001126 0.427875
vt 0.001126 0.452750
vt 0.001126 0.477625
vt 0.001126 0.502500
vt 0.001126 0.527375
vt 0.001126 0.552250
vt 0.001126 0.577125
vt 0.001126 0.602000
vt 0.001126 0.626875
vt 0.001126 0.651750
vt 0.001126 0.676625
vt 0.001126 0.701500
vt 0.001126 0.726375
vt 0.001126 0.751250
vt 0.001126 0.776125
vt 0.001126 0.801000
vt 0.001126 0.825875
vt 0.001126 0.850750
vt 0.001126 0.875625
vt 0.001126 0.900500
vt 0.001126 0.925375
vt 0.001126 0.950250
vt 0.998874 0.046325
vt 0.998874 0.033996
vt 0.998874 0.021667
vt 1.000000 0.021667
vt 1.000000 0.033996
vt 1.000000 0.046325
vt 1.000000 0.070983
vt 1.000000 0.095641
vt 1.000000 0.120299
vt 1.000000 0.144957
vt 1.000000 0.169615
vt 1.000000 0.194274
vt 1.000000 0.218932
vt 1.000000 0.243590
vt 1.000000 0.268248
vt 1.000000 0.292906
vt 1.000000 0.317564
vt 1.000000 0.342222
vt 1.000000 0.366880
vt 1.000000 0.391538
vt 1.000000 0.416197
vt 1.000000 0.440855
vt 1.000000 0.465513
vt 1.000000 0.490171
vt 1.000000 0.514829
vt 1.000000 0.539487
vt 1.000000 0.564145
vt 1.000000 0.588803
vt 1.000000 0.613462
vt 1.000000 0.638120
vt 1.000000 0.662778
vt 1.000000 0.687436
vt 1.000000 0.712094
vt 1.000000 0.736752
vt 1.000000 0.761410
vt 1.000000 0.786068
vt 1.000000 0.810726
vt 1.000000 0.835385
vt 1.000000 0.860043
vt 1.000000 0.884701
vt 1.000000 0.909359
vt 1.000000 0.934017
vt 1.000000 0.958675
vt 1.000000 0.971004
vt 1.000000 0.983333
vt 0.998874 0.983333
vt 0.998874 0.971004
vt 0.998874 0.958675
vt 0.998874 0.934017
vt 0.998874 0.909359
vt 0.998874 0.884701
vt 0.998874 0.860043
vt 0.998874 0.835385
vt 0.998874 0.810726
vt 0.998874 0.786068
vt 0.998874 0.761410
vt 0.998874 0.736752
vt 0.998874 0.712094
vt 0.998874 0.687436
vt 0.998874 0.662778
vt 0.998874 0.638120
vt 0.998874 0.613462
vt 0.998874 0.588803
vt 0.998874 0.564145
vt 0.998874 0.539487
vt 0.998874 0.514829
vt 0.998874 0.490171
vt 0.998874 0.465513
vt 0.998874 0.440855
vt 0.998874 0.416197
vt 0.998874 0.391538
vt 0.998874 0.366880
vt 0.998874 0.342222
vt 0.998874 0.317564
vt 0.998874 0.292906
vt 0.998874 0.268248
vt 0.998874 0.243590
vt 0.998874 0.218932
vt 0.998874 0.194274
vt 0.998874 0.169615
vt 0.998874 0.144957
vt 0.998874 0.120299
vt 0.998874 0.095641
vt 0.998874 0.070983
vt 0.001126 0.952179
vt 0.001126 0.956862
vt 0.001126 0.961545
vt 0.000000 0.961545
vt 0.000000 0.956862
vt 0.000000 0.952179
vt 0.000000 0.942813
vt 0.000000 0.933448
vt 0.000000 0.924082
vt 0.000000 0.914716
vt 0.000000 0.905351
vt 0.000000 0.895985
vt 0.000000 0.886620
vt 0.000000 0.877254
vt 0.000000 0.867888
vt 0.000000 0.858523
vt 0.000000 0.849157
vt 0.000000 0.839791
vt 0.000000 0.830426
vt 0.000000 0.821060
vt 0.000000 0.811694
vt 0.000000 0.807012
vt 0.000000 0.802329
vt 0.001126 0.802329
vt 0.001126 0.807012
vt 0.001126 0.811694
vt 0.001126 0.821060
vt 0.001126 0.830426
vt 0.001126 0.839791
vt 0.001126 0.849157
vt 0.001126 0.858523
vt 0.001126 0.867888
vt 0.001126 0.877254
vt 0.001126 0.886620
vt 0.001126 0.895985
vt 0.001126 0.905351
vt 0.001126 0.914716
vt 0.001126 0.924082
vt 0.001126 0.933448
vt 0.001126 0.942813
vt 0.001126 0.958675
vt 0.001126 0.971004
vt 0.001126 0.983333
vt 0.000000 0.983333
vt 0.000000 0.971004
vt 0.000000 0.958675
vt 0.000000 0.934017
vt 0.000000 0.909359
vt 0.000000 0.884701
vt 0.000000 0.860043
vt 0.000000 0.835385
vt 0.000000 0.810726
vt 0.000000 0.786068
vt 0.000000 0.761410
vt 0.000000 0.736752
vt 0.000000 0.712094
vt 0.000000 0.687436
vt 0.000000 0.662778
vt 0.000000 0.638120
vt 0.000000 0.613462
vt 0.000000 0.588803
vt 0.000000 0.564145
vt 0.000000 0.539487
vt 0.000000 0.514829
vt 0.000000 0.490171
vt 0.000000 0.465513
vt 0.000000 0.440855
vt 0.000000 0.416197
vt 0.000000 0.391538
vt 0.000000 0.366880
vt 0.000000 0.342222
vt 0.000000 0.317564
vt 0.000000 0.292906
vt 0.000000 0.268248
vt 0.000000 0.243590
vt 0.000000 0.218932
vt 0.000000 0.194274
vt 0.000000 0.169615
vt 0.000000 0.144957
vt 0.000000 0.120299
vt 0.000000 0.095641
vt 0.000000 0.070983
vt 0.000000 0.046325
vt 0.000000 0.033996
vt 0.000000 0.021667
vt 0.001126 0.021667
vt 0.001126 0.033996
vt 0.001126 0.046325
vt 0.001126 0.070983
vt 0.001126 0.095641
vt 0.001126 0.120299
vt 0.001126 0.144957
vt 0.001126 0.169615
vt 0.001126 0.194274
vt 0.001126 0.218932
vt 0.001126 0.243590
vt 0.001126 0.268248
vt 0.001126 0.292906
vt 0.001126 0.317564
vt 0.001126 0.342222
vt 0.001126 0.366880
vt 0.001126 0.391538
vt 0.001126 0.416197
vt 0.001126 0.440855
vt 0.001126 0.465513
vt 0.001126 0.490171
vt 0.001126 0.514829
vt 0.001126 0.539487
vt 0.001126 0.564145
vt 0.001126 0.588803
vt 0.001126 0.613462
vt 0.001126 0.638120
vt 0.001126 0.662778
vt 0.001126 0.687436
vt 0.001126 0.712094
vt 0.001126 0.736752
vt 0.001126 0.761410
vt 0.001126 0.786068
vt 0.001126 0.810726
vt 0.001126 0.835385
vt 0.001126 0.860043
vt 0.001126 0.884701
vt 0.001126 0.909359
vt 0.001126 0.934017
vt 0.998874 0.811694
vt 0.998874 0.807012
vt 0.998874 0.802329
vt 1.000000 0.802329
vt 1.000000 0.807012
vt 1.000000 0.811694
vt 1.000000 0.821060
vt 1.000000 0.830426
vt 1.000000 0.839791
vt 1.000000 0.849157
vt 1.000000 0.858523
vt 1.000000 0.867888
vt 1.000000 0.877254
vt 1.000000 0.886620
vt 1.000000 0.895985
vt 1.000000 0.905351
vt 1.000000 0.914716
vt 1.000000 0.924082
vt 1.000000 0.933448
vt 1.000000 0.942813
vt 1.000000 0.952179
vt 1.000000 0.956862
vt 1.000000 0.961545
vt 0.998874 0.961545
vt 0.998874 0.956862
vt 0.998874 0.952179
vt 0.998874 0.942813
vt 0.998874 0.933448
vt 0.998874 0.924082
vt 0.998874 0.914716
vt 0.998874 0.905351
vt 0.998874 0.895985
vt 0.998874 0.886620
vt 0.998874 0.877254
vt 0.998874 0.867888
vt 0.998874 0.858523
vt 0.998874 0.849157
vt 0.998874 0.839791
vt 0.998874 0.830426
vt 0.998874 0.821060
vt 0.998874 0.046325
vt 0.998874 0.033996
vt 0.998874 0.021667
vt 1.000000 0.021667
vt 1.000000 0.033996
vt 1.000000 0.046325
vt 1.000000 0.070983
vt 1.000000 0.095641
vt 1.000000 0.120299
vt 1.000000 0.144957
vt 1.000000 0.169615
vt 1.000000 0.194274
vt 1.000000 0.218932
vt 1.000000 0.243590
vt 1.000000 0.268248
vt 1.000000 0.292906
vt 1.000000 0.317564
vt 1.000000 0.342222
vt 1.000000 0.366880
vt 1.000000 0.391538
vt 1.000000 0.416197
vt 1.000000 0.440855
vt 1.000000 0.465513
vt 1.000000 0.490171
vt 1.000000 0.514829
vt 1.000000 0.539487
vt 1.000000 0.564145
vt 1.000000 0.588803
vt 1.000000 0.613462
vt 1.000000 0.638120
vt 1.000000 0.662778
vt 1.000000 0.687436
vt 1.000000 0.712094
vt 1.000000 0.736752
vt 1.000000 0.761410
vt 1.000000 0.786068
vt 1.000000 0.810726
vt 1.000000 0.835385
vt 1.000000 0.860043
vt 1.000000 0.884701
vt 1.000000 0.909359
vt 1.000000 0.934017
vt 1.000000 0.958675
vt 1.000000 0.971004
vt 1.000000 0.983333
vt 0.998874 0.983333
vt 0.998874 0.971004
vt 0.998874 0.958675
vt 0.998874 0.934017
vt 0.998874 0.909359
vt 0.998874 0.884701
vt 0.998874 0.860043
vt 0.998874 0.835385
vt 0.998874 0.810726
vt 0.998874 0.786068
vt 0.998874 0.761410
vt 0.998874 0.736752
vt 0.998874 0.712094
vt 0.998874 0.687436
vt 0.998874 0.662778
vt 0.998874 0.638120
vt 0.998874 0.613462
vt 0.998874 0.588803
vt 0.998874 0.564145
vt 0.998874 0.539487
vt 0.998874 0.514829
vt 0.998874 0.490171
vt 0.998874 0.465513
vt 0.998874 0.440855
vt 0.998874 0.416197
vt 0.998874 0.391538
vt 0.998874 0.366880
vt 0.998874 0.342222
vt 0.998874 0.317564
vt 0.998874 0.292906
vt 0.998874 0.268248
vt 0.998874 0.243590
vt 0.998874 0.218932
vt 0.998874 0.194274
vt 0.998874 0.169615
vt 0.998874 0.144957
vt 0.998874 0.120299
vt 0.998874 0.095641
vt 0.998874 0.070983
vt 0.001126 0.780145
vt 0.001126 0.784827
vt 0.001126 0.789510
vt 0.000000 0.789510
vt 0.000000 0.784827
vt 0.000000 0.780145
vt 0.000000 0.770779
vt 0.000000 0.761413
vt 0.000000 0.752048
vt 0.000000 0.742682
vt 0.000000 0.733316
vt 0.000000 0.723951
vt 0.000000 0.714585
vt 0.000000 0.705219
vt 0.000000 0.695854
vt 0.000000 0.686488
vt 0.000000 0.677123
vt 0.000000 0.667757
vt 0.000000 0.658391
vt 0.000000 0.649026
vt 0.000000 0.639660
vt 0.000000 0.634977
vt 0.000000 0.630294
vt 0.001126 0.630294
vt 0.001126 0.634977
vt 0.001126 0.639660
vt 0.001126 0.649026
vt 0.001126 0.658391
vt 0.001126 0.667757
vt 0.001126 0.677123
vt 0.001126 0.686488
vt 0.001126 0.695854
vt 0.001126 0.705219
vt 0.001126 0.714585
vt 0.001126 0.723951
vt 0.001126 0.733316
vt 0.001126 0.742682
vt 0.001126 0.752048
vt 0.001126 0.761413
vt 0.001126 0.770779
vt 0.001126 0.958675
vt 0.001126 0.971004
vt 0.001126 0.983333
vt 0.000000 0.983333
vt 0.000000 0.971004
vt 0.000000 0.958675
vt 0.000000 0.934017
vt 0.000000 0.909359
vt 0.000000 0.884701
vt 0.000000 0.860043
vt 0.000000 0.835385
vt 0.000000 0.810726
vt 0.000000 0.786068
vt 0.000000 0.761410
vt 0.000000 0.736752
vt 0.000000 0.712094
vt 0.000000 0.687436
vt 0.000000 0.662778
vt 0.000000 0.638120
vt 0.000000 0.613462
vt 0.000000 0.588803
vt 0.000000 0.564145
vt 0.000000 0.539487
vt 0.000000 0.514829
vt 0.000000 0.490171
vt 0.000000 0.465513
vt 0.000000 0.440855
vt 0.000000 0.416197
vt 0.000000 0.391538
vt 0.000000 0.366880
vt 0.000000 0.342222
vt 0.000000 0.317564
vt 0.000000 0.292906
vt 0.000000 0.268248
vt 0.000000 0.243590
vt 0.000000 0.218932
vt 0.000000 0.194274
vt 0.000000 0.169615
vt 0.000000 0.144957
vt 0.000000 0.120299
vt 0.000000 0.095641
vt 0.000000 0.070983
vt 0.000000 0.046325
vt 0.000000 0.033996
vt 0.000000 0.021667
vt 0.001126 0.021667
vt 0.001126 0.033996
vt 0.001126 0.046325
vt 0.001126 0.070983
vt 0.001126 0.095641
vt 0.001126 0.120299
vt 0.001126 0.144957
vt 0.001126 0.169615
vt 0.001126 0.194274
vt 0.001126 0.218932
vt 0.001126 0.243590
vt 0.001126 0.268248
vt 0.001126 0.292906
vt 0.001126 0.317564
vt 0.001126 0.342222
vt 0.001126 0.366880
vt 0.001126 0.391538
vt 0.001126 0.416197
vt 0.001126 0.440855
vt 0.001126 0.465513
vt 0.001126 0.490171
vt 0.001126 0.514829
vt 0.001126 0.539487
vt 0.001126 0.564145
vt 0.001126 0.588803
vt 0.001126 0.613462
vt 0.001126 0.638120
vt 0.001126 0.662778
vt 0.001126 0.687436
vt 0.001126 0.712094
vt 0.001126 0.736752
vt 0.001126 0.761410
vt 0.001126 0.786068
vt 0.001126 0.810726
vt 0.001126 0.835385
vt 0.001126 0.860043
vt 0.001126 0.884701
vt 0.001126 0.909359
vt 0.001126 0.934017
vt 0.998874 0.639660
vt 0.998874 0.634977
vt 0.998874 0.630294
vt 1.000000 0.630294
vt 1.000000 0.634977
vt 1.000000 0.639660
vt 1.000000 0.649026
vt 1.000000 0.658391
vt 1.000000 0.667757
vt 1.000000 0.677123
vt 1.000000 0.686488
vt 1.000000 0.695854
vt 1.000000 0.705219
vt 1.000000 0.714585
vt 1.000000 0.723951
vt 1.000000 0.733316
vt 1.000000 0.742682
vt 1.000000 0.752048
vt 1.000000 0.761413
vt 1.000000 0.770779
vt 1.000000 0.780145
vt 1.000000 0.784827
vt 1.000000 0.789510
vt 0.998874 0.789510
vt 0.998874 0.784827
vt 0.998874 0.780145
vt 0.998874 0.770779
vt 0.998874 0.761413
vt 0.998874 0.752048
vt 0.998874 0.742682
vt 0.998874 0.733316
vt 0.998874 0.723951
vt 0.998874 0.714585
vt 0.998874 0.705219
vt 0.998874 0.695854
vt 0.998874 0.686488
vt 0.998874 0.677123
vt 0.998874 0.667757
vt 0.998874 0.658391
vt 0.998874 0.649026
vt 0.001126 0.786362
vt 0.001126 0.791141
vt 0.001126 0.795919
vt 0.000000 0.795919
vt 0.000000 0.791141
vt 0.000000 0.786362
vt 0.000000 0.776805
vt 0.000000 0.767247
vt 0.000000 0.757690
vt 0.000000 0.748132
vt 0.000000 0.738575
vt 0.000000 0.729017
vt 0.000000 0.719460
vt 0.000000 0.709902
vt 0.000000 0.700345
vt 0.000000 0.690787
vt 0.000000 0.681230
vt 0.000000 0.671672
vt 0.000000 0.662115
vt 0.000000 0.652557
vt 0.000000 0.643000
vt 0.000000 0.633443
vt 0.000000 0.628664
vt 0.000000 0.623885
vt 0.001126 0.623885
vt 0.001126 0.628664
vt 0.001126 0.633443
vt 0.001126 0.643000
vt 0.001126 0.652557
vt 0.001126 0.662115
vt 0.001126 0.671672
vt 0.001126 0.681230
vt 0.001126 0.690787
vt 0.001126 0.700345
vt 0.001126 0.709902
vt 0.001126 0.719460
vt 0.001126 0.729017
vt 0.001126 0.738575
vt 0.001126 0.748132
vt 0.001126 0.757690
vt 0.001126 0.767247
vt 0.001126 0.776805
vt 0.998874 0.029875
vt 0.998874 0.017437
vt 0.998874 0.005000
vt 1.000000 0.005000
vt 1.000000 0.017437
vt 1.000000 0.029875
vt 1.000000 0.054750
vt 1.000000 0.079625
vt 1.000000 0.104500
vt 1.000000 0.129375
vt 1.000000 0.154250
vt 1.000000 0.179125
vt 1.000000 0.204000
vt 1.000000 0.228875
vt 1.000000 0.253750
vt 1.000000 0.278625
vt 1.000000 0.303500
vt 1.000000 0.328375
vt 1.000000 0.353250
vt 1.000000 0.378125
vt 1.000000 0.403000
vt 1.000000 0.427875
vt 1.000000 0.452750
vt 1.000000 0.477625
vt 1.000000 0.502500
vt 1.000000 0.527375
vt 1.000000 0.552250
vt 1.000000 0.577125
vt 1.000000 0.602000
vt 1.000000 0.626875
vt 1.000000 0.651750
vt 1.000000 0.676625
vt 1.000000 0.701500
vt 1.000000 0.726375
vt 1.000000 0.751250
vt 1.000000 0.776125
vt 1.000000 0.801000
vt 1.000000 0.825875
vt 1.000000 0.850750
vt 1.000000 0.875625
vt 1.000000 0.900500
vt 1.000000 0.925375
vt 1.000000 0.950250
vt 1.000000 0.975125
vt 1.000000 0.987562
vt 1.000000 1.000000
vt 0.998874 1.000000
vt 0.998874 0.987562
vt 0.998874 0.975125
vt 0.998874 0.950250
vt 0.998874 0.925375
vt 0.998874 0.900500
vt 0.998874 0.875625
vt 0.998874 0.850750
vt 0.998874 0.825875
vt 0.998874 0.801000
vt 0.998874 0.776125
vt 0.998874 0.751250
vt 0.998874 0.726375
vt 0.998874 0.701500
vt 0.998874 0.676625
vt 0.998874 0.651750
vt 0.998874 0.626875
vt 0.998874 0.602000
vt 0.998874 0.577125
vt 0.998874 0.552250
vt 0.998874 0.527375
vt 0.998874 0.502500
vt 0.998874 0.477625
vt 0.998874 0.452750
vt 0.998874 0.427875
vt 0.998874 0.403000
vt 0.998874 0.378125
vt 0.998874 0.353250
vt 0.998874 0.328375
vt 0.998874 0.303500
vt 0.998874 0.278625
vt 0.998874 0.253750
vt 0.998874 0.228875
vt 0.998874 0.204000
vt 0.998874 0.179125
vt 0.998874 0.154250
vt 0.998874 0.129375
vt 0.998874 0.104500
vt 0.998874 0.079625
vt 0.998874 0.054750
vt 0.998874 0.633443
vt 0.998874 0.628664
vt 0.998874 0.623885
vt 1.000000 0.623885
vt 1.000000 0.628664
vt 1.000000 0.633443
vt 1.000000 0.643000
vt 1.000000 0.652557
vt 1.000000 0.662115
vt 1.000000 0.671672
vt 1.000000 0.681230
vt 1.000000 0.690787
vt 1.000000 0.700345
vt 1.000000 0.709902
vt 1.000000 0.719460
vt 1.000000 0.729017
vt 1.000000 0.738575
vt 1.000000 0.748132
vt 1.000000 0.757690
vt 1.000000 0.767247
vt 1.000000 0.776805
vt 1.000000 0.786362
vt 1.000000 0.791141
vt 1.000000 0.795919
vt 0.998874 0.795919
vt 0.998874 0.791141
vt 0.998874 0.786362
vt 0.998874 0.776805
vt 0.998874 0.767247
vt 0.998874 0.757690
vt 0.998874 0.748132
vt 0.998874 0.738575
vt 0.998874 0.729017
vt 0.998874 0.719460
vt 0.998874 0.709902
vt 0.998874 0.700345
vt 0.998874 0.690787
vt 0.998874 0.681230
vt 0.998874 0.671672
vt 0.998874 0.662115
vt 0.998874 0.652557
vt 0.998874 0.643000
vt 0.001126 0.975125
vt 0.001126 0.987562
vt 0.001126 1.000000
vt 0.000000 1.000000
vt 0.000000 0.987562
vt 0.000000 0.975125
vt 0.000000 0.950250
vt 0.000000 0.925375
vt 0.000000 0.900500
vt 0.000000 0.875625
vt 0.000000 0.850750
vt 0.000000 0.825875
vt 0.000000 0.801000
vt 0.000000 0.776125
vt 0.000000 0.751250
vt 0.000000 0.726375
vt 0.000000 0.701500
vt 0.000000 0.676625
vt 0.000000 0.651750
vt 0.000000 0.626875
vt 0.000000 0.602000
vt 0.000000 0.577125
vt 0.000000 0.552250
vt 0.000000 0.527375
vt 0.000000 0.502500
vt 0.000000 0.477625
vt 0.000000 0.452750
vt 0.000000 0.427875
vt 0.000000 0.403000
vt 0.000000 0.378125
vt 0.000000 0.353250
vt 0.000000 0.328375
vt 0.000000 0.303500
vt 0.000000 0.278625
vt 0.000000 0.253750
vt 0.000000 0.228875
vt 0.000000 0.204000
vt 0.000000 0.179125
vt 0.000000 0.154250
vt 0.000000 0.129375
vt 0.000000 0.104500
vt 0.000000 0.079625
vt 0.000000 0.054750
vt 0.000000 0.029875
vt 0.000000 0.017437
vt 0.000000 0.005000
vt 0.001126 0.005000
vt 0.001126 0.017437
vt 0.001126 0.029875
vt 0.001126 0.054750
vt 0.001126 0.079625
vt 0.001126 0.104500
vt 0.001126 0.129375
vt 0.001126 0.154250
vt 0.001126 0.179125
vt 0.001126 0.204000
vt 0.001126 0.228875
vt 0.001126 0.253750
vt 0.001126 0.278625
vt 0.001126 0.303500
vt 0.001126 0.328375
vt 0.001126 0.353250
vt 0.001126 0.378125
vt 0.001126 0.403000
vt 0.001126 0.427875
vt 0.001126 0.452750
vt 0.001126 0.477625
vt 0.001126 0.502500
vt 0.001126 0.527375
vt 0.001126 0.552250
vt 0.001126 0.577125
vt 0.001126 0.602000
vt 0.001126 0.626875
vt 0.001126 0.651750
vt 0.001126 0.676625
vt 0.001126 0.701500
vt 0.001126 0.726375
vt 0.001126 0.751250
vt 0.001126 0.776125
vt 0.001126 0.801000
vt 0.001126 0.825875
vt 0.001126 0.850750
vt 0.001126 0.875625
vt 0.001126 0.900500
vt 0.001126 0.925375
vt 0.001126 0.950250
vt 0.998874 0.046325
vt 0.998874 0.033996
vt 0.998874 0.021667
vt 1.000000 0.021667
vt 1.000000 0.033996
vt 1.000000 0.046325
vt 1.000000 0.070983
vt 1.000000 0.095641
vt 1.000000 0.120299
vt 1.000000 0.144957
vt 1.000000 0.169615
vt 1.000000 0.194274
vt 1.000000 0.218932
vt 1.000000 0.243590
vt 1.000000 0.268248
vt 1.000000 0.292906
vt 1.000000 0.317564
vt 1.000000 0.342222
vt 1.000000 0.366880
vt 1.000000 0.391538
vt 1.000000 0.416197
vt 1.000000 0.440855
vt 1.000000 0.465513
vt 1.000000 0.490171
vt 1.000000 0.514829
vt 1.000000 0.539487
vt 1.000000 0.564145
vt 1.000000 0.588803
vt 1.000000 0.613462
vt 1.000000 0.638120
vt 1.000000 0.662778
vt 1.000000 0.687436
vt 1.000000 0.712094
vt 1.000000 0.736752
vt 1.000000 0.761410
vt 1.000000 0.786068
vt 1.000000 0.810726
vt 1.000000 0.835385
vt 1.000000 0.860043
vt 1.000000 0.884701
vt 1.000000 0.909359
vt 1.000000 0.934017
vt 1.000000 0.958675
vt 1.000000 0.971004
vt 1.000000 0.983333
vt 0.998874 0.983333
vt 0.998874 0.971004
vt 0.998874 0.958675
vt 0.998874 0.934017
vt 0.998874 0.909359
vt 0.998874 0.884701
vt 0.998874 0.860043
vt 0.998874 0.835385
vt 0.998874 0.810726
vt 0.998874 0.786068
vt 0.998874 0.761410
vt 0.998874 0.736752
vt 0.998874 0.712094
vt 0.998874 0.687436
vt 0.998874 0.662778
vt 0.998874 0.638120
vt 0.998874 0.613462
vt 0.998874 0.588803
vt 0.998874 0.564145
vt 0.998874 0.539487
vt 0.998874 0.514829
vt 0.998874 0.490171
vt 0.998874 0.465513
vt 0.998874 0.440855
vt 0.998874 0.416197
vt 0.998874 0.391538
vt 0.998874 0.366880
vt 0.998874 0.342222
vt 0.998874 0.317564
vt 0.998874 0.292906
vt 0.998874 0.268248
vt 0.998874 0.243590
vt 0.998874 0.218932
vt 0.998874 0.194274
vt 0.998874 0.169615
vt 0.998874 0.144957
vt 0.998874 0.120299
vt 0.998874 0.095641
vt 0.998874 0.070983
vt 0.001126 0.608110
vt 0.001126 0.612793
vt 0.001126 0.617476
vt 0.000000 0.617476
vt 0.000000 0.612793
vt 0.000000 0.608110
vt 0.000000 0.598745
vt 0.000000 0.589379
vt 0.000000 0.580013
vt 0.000000 0.570648
vt 0.000000 0.561282
vt 0.000000 0.551916
vt 0.000000 0.542551
vt 0.000000 0.533185
vt 0.000000 0.523819
vt 0.000000 0.514454
vt 0.000000 0.505088
vt 0.000000 0.495722
vt 0.000000 0.486357
vt 0.000000 0.476991
vt 0.000000 0.467626
vt 0.000000 0.462943
vt 0.000000 0.458260
vt 0.001126 0.458260
vt 0.001126 0.462943
vt 0.001126 0.467626
vt 0.001126 0.476991
vt 0.001126 0.486357
vt 0.001126 0.495722
vt 0.001126 0.505088
vt 0.001126 0.514454
vt 0.001126 0.523819
vt 0.001126 0.533185
vt 0.001126 0.542551
vt 0.001126 0.551916
vt 0.001126 0.561282
vt 0.001126 0.570648
vt 0.001126 0.580013
vt 0.001126 0.589379
vt 0.001126 0.598745
vt 0.001126 0.958675
vt 0.001126 0.971004
vt 0.001126 0.983333
vt 0.000000 0.983333
vt 0.000000 0.971004
vt 0.000000 0.958675
vt 0.000000 0.934017
vt 0.000000 0.909359
vt 0.000000 0.884701
vt 0.000000 0.860043
vt 0.000000 0.835385
vt 0.000000 0.810726
vt 0.000000 0.786068
vt 0.000000 0.761410
vt 0.000000 0.736752
vt 0.000000 0.712094
vt 0.000000 0.687436
vt 0.000000 0.662778
vt 0.000000 0.638120
vt 0.000000 0.613462
vt 0.000000 0.588803
vt 0.000000 0.564145
vt 0.000000 0.539487
vt 0.000000 0.514829
vt 0.000000 0.490171
vt 0.000000 0.465513
vt 0.000000 0.440855
vt 0.000000 0.416197
vt 0.000000 0.391538
vt 0.000000 0.366880
vt 0.000000 0.342222
vt 0.000000 0.317564
vt 0.000000 0.292906
vt 0.000000 0.268248
vt 0.000000 0.243590
vt 0.000000 0.218932
vt 0.000000 0.194274
vt 0.000000 0.169615
vt 0.000000 0.144957
vt 0.000000 0.120299
vt 0.000000 0.095641
vt 0.000000 0.070983
vt 0.000000 0.046325
vt 0.000000 0.033996
vt 0.000000 0.021667
vt 0.001126 0.021667
vt 0.001126 0.033996
vt 0.001126 0.046325
vt 0.001126 0.070983
vt 0.001126 0.095641
vt 0.001126 0.120299
vt 0.001126 0.144957
vt 0.001126 0.169615
vt 0.001126 0.194274
vt 0.001126 0.218932
vt 0.001126 0.243590
vt 0.001126 0.268248
vt 0.001126 0.292906
vt 0.001126 0.317564
vt 0.001126 0.342222
vt 0.001126 0.366880
vt 0.001126 0.391538
vt 0.001126 0.416197
vt 0.001126 0.440855
vt 0.001126 0.465513
vt 0.001126 0.490171
vt 0.001126 0.514829
vt 0.001126 0.539487
vt 0.001126 0.564145
vt 0.001126 0.588803
vt 0.001126 0.613462
vt 0.001126 0.638120
vt 0.001126 0.662778
vt 0.001126 0.687436
vt 0.001126 0.712094
vt 0.001126 0.736752
vt 0.001126 0.761410
vt 0.001126 0.786068
vt 0.001126 0.810726
vt 0.001126 0.835385
vt 0.001126 0.860043
vt 0.001126 0.884701
vt 0.001126 0.909359
vt 0.001126 0.934017
vt 0.998874 0.467626
vt 0.998874 0.462943
vt 0.998874 0.458260
vt 1.000000 0.458260
vt 1.000000 0.462943
vt 1.000000 0.467626
vt 1.000000 0.476991
vt 1.000000 0.486357
vt 1.000000 0.495722
vt 1.000000 0.505088
vt 1.000000 0.514454
vt 1.000000 0.523819
vt 1.000000 0.533185
vt 1.000000 0.542551
vt 1.000000 0.551916
vt 1.000000 0.561282
vt 1.000000 0.570648
vt 1.000000 0.580013
vt 1.000000 0.589379
vt 1.000000 0.598745
vt 1.000000 0.608110
vt 1.000000 0.612793
vt 1.000000 0.617476
vt 0.998874 0.617476
vt 0.998874 0.612793
vt 0.998874 0.608110
vt 0.998874 0.598745
vt 0.998874 0.589379
vt 0.998874 0.580013
vt 0.998874 0.570648
vt 0.998874 0.561282
vt 0.998874 0.551916
vt 0.998874 0.542551
vt 0.998874 0.533185
vt 0.998874 0.523819
vt 0.998874 0.514454
vt 0.998874 0.505088
vt 0.998874 0.495722
vt 0.998874 0.486357
vt 0.998874 0.476991
vt 0.001126 0.614328
vt 0.001126 0.619106
vt 0.001126 0.623885
vt 0.000000 0.623885
vt 0.000000 0.619106
vt 0.000000 0.614328
vt 0.000000 0.604770
vt 0.000000 0.595213
vt 0.000000 0.585655
vt 0.000000 0.576098
vt 0.000000 0.566540
vt 0.000000 0.556983
vt 0.000000 0.547425
vt 0.000000 0.537868
vt 0.000000 0.528310
vt 0.000000 0.518753
vt 0.000000 0.509195
vt 0.000000 0.499638
vt 0.000000 0.490081
vt 0.000000 0.480523
vt 0.000000 0.470966
vt 0.000000 0.461408
vt 0.000000 0.456629
vt 0.000000 0.451851
vt 0.001126 0.451851
vt 0.001126 0.456629
vt 0.001126 0.461408
vt 0.001126 0.470966
vt 0.001126 0.480523
vt 0.001126 0.490081
vt 0.001126 0.499638
vt 0.001126 0.509195
vt 0.001126 0.518753
vt 0.001126 0.528310
vt 0.001126 0.537868
vt 0.001126 0.547425
vt 0.001126 0.556983
vt 0.001126 0.566540
vt 0.001126 0.576098
vt 0.001126 0.585655
vt 0.001126 0.595213
vt 0.001126 0.604770
vt 0.998874 0.029875
vt 0.998874 0.017437
vt 0.998874 0.005000
vt 1.000000 0.005000
vt 1.000000 0.017437
vt 1.000000 0.029875
vt 1.000000 0.054750
vt 1.000000 0.079625
vt 1.000000 0.104500
vt 1.000000 0.129375
vt 1.000000 0.154250
vt 1.000000 0.179125
vt 1.000000 0.204000
vt 1.000000 0.228875
vt 1.000000 0.253750
vt 1.000000 0.278625
vt 1.000000 0.303500
vt 1.000000 0.328375
vt 1.000000 0.353250
vt 1.000000 0.378125
vt 1.000000 0.403000
vt 1.000000 0.427875
vt 1.000000 0.452750
vt 1.000000 0.477625
vt 1.000000 0.502500
vt 1.000000 0.527375
vt 1.000000 0.552250
vt 1.000000 0.577125
vt 1.000000 0.602000
vt 1.000000 0.626875
vt 1.000000 0.651750
vt 1.000000 0.676625
vt 1.000000 0.701500
vt 1.000000 0.726375
vt 1.000000 0.751250
vt 1.000000 0.776125
vt 1.000000 0.801000
vt 1.000000 0.825875
vt 1.000000 0.850750
vt 1.000000 0.875625
vt 1.000000 0.900500
vt 1.000000 0.925375
vt 1.000000 0.950250
vt 1.000000 0.975125
vt 1.000000 0.987562
vt 1.000000 1.000000
vt 0.998874 1.000000
vt 0.998874 0.987562
vt 0.998874 0.975125
vt 0.998874 0.950250
vt 0.998874 0.925375
vt 0.998874 0.900500
vt 0.998874 0.875625
vt 0.998874 0.850750
vt 0.998874 0.825875
vt 0.998874 0.801000
vt 0.998874 0.776125
vt 0.998874 0.751250
vt 0.998874 0.726375
vt 0.998874 0.701500
vt 0.998874 0.676625
vt 0.998874 0.651750
vt 0.998874 0.626875
vt 0.998874 0.602000
vt 0.998874 0.577125
vt 0.998874 0.552250
vt 0.998874 0.527375
vt 0.998874 0.502500
vt 0.998874 0.477625
vt 0.998874 0.452750
vt 0.998874 0.427875
vt 0.998874 0.403000
vt 0.998874 0.378125
vt 0.998874 0.353250
vt 0.998874 0.328375
vt 0.998874 0.303500
vt 0.998874 0.278625
vt 0.998874 0.253750
vt 0.998874 0.228875
vt 0.998874 0.204000
vt 0.998874 0.179125
vt 0.998874 0.154250
vt 0.998874 0.129375
vt 0.998874 0.104500
vt 0.998874 0.079625
vt 0.998874 0.054750
vt 0.998874 0.461408
vt 0.998874 0.456629
vt 0.998874 0.451851
vt 1.000000 0.451851
vt 1.000000 0.456629
vt 1.000000 0.461408
vt 1.000000 0.470966
vt 1.000000 0.480523
vt 1.000000 0.490081
vt 1.000000 0.499638
vt 1.000000 0.509195
vt 1.000000 0.518753
vt 1.000000 0.528310
vt 1.000000 0.537868
vt 1.000000 0.547425
vt 1.000000 0.556983
vt 1.000000 0.566540
vt 1.000000 0.576098
vt 1.000000 0.585655
vt 1.000000 0.595213
vt 1.000000 0.604770
vt 1.000000 0.614328
vt 1.000000 0.619106
vt 1.000000 0.623885
vt 0.998874 0.623885
vt 0.998874 0.619106
vt 0.998874 0.614328
vt 0.998874 0.604770
vt 0.998874 0.595213
vt 0.998874 0.585655
vt 0.998874 0.576098
vt 0.998874 0.566540
vt 0.998874 0.556983
vt 0.998874 0.547425
vt 0.998874 0.537868
vt 0.998874 0.528310
vt 0.998874 0.518753
vt 0.998874 0.509195
vt 0.998874 0.499638
vt 0.998874 0.490081
vt 0.998874 0.480523
vt 0.998874 0.470966
vt 0.001126 0.975125
vt 0.001126 0.987562
vt 0.001126 1.000000
vt 0.000000 1.000000
vt 0.000000 0.987562
vt 0.000000 0.975125
vt 0.000000 0.950250
vt 0.000000 0.925375
vt 0.000000 0.900500
vt 0.000000 0.875625
vt 0.000000 0.850750
vt 0.000000 0.825875
vt 0.000000 0.801000
vt 0.000000 0.776125
vt 0.000000 0.751250
vt 0.000000 0.726375
vt 0.000000 0.701500
vt 0.000000 0.676625
vt 0.000000 0.651750
vt 0.000000 0.626875
vt 0.000000 0.602000
vt 0.000000 0.577125
vt 0.000000 0.552250
vt 0.000000 0.527375
vt 0.000000 0.502500
vt 0.000000 0.477625
vt 0.000000 0.452750
vt 0.000000 0.427875
vt 0.000000 0.403000
vt 0.000000 0.378125
vt 0.000000 0.353250
vt 0.000000 0.328375
vt 0.000000 0.303500
vt 0.000000 0.278625
vt 0.000000 0.253750
vt 0.000000 0.228875
vt 0.000000 0.204000
vt 0.000000 0.179125
vt 0.000000 0.154250
vt 0.000000 0.129375
vt 0.000000 0.104500
vt 0.000000 0.079625
vt 0.000000 0.054750
vt 0.000000 0.029875
vt 0.000000 0.017437
vt 0.000000 0.005000
vt 0.001126 0.005000
vt 0.001126 0.017437
vt 0.001126 0.029875
vt 0.001126 0.054750
vt 0.001126 0.079625
vt 0.001126 0.104500
vt 0.001126 0.129375
vt 0.001126 0.154250
vt 0.001126 0.179125
vt 0.001126 0.204000
vt 0.001126 0.228875
vt 0.001126 0.253750
vt 0.001126 0.278625
vt 0.001126 0.303500
vt 0.001126 0.328375
vt 0.001126 0.353250
vt 0.001126 0.378125
vt 0.001126 0.403000
vt 0.001126 0.427875
vt 0.001126 0.452750
vt 0.001126 0.477625
vt 0.001126 0.502500
vt 0.001126 0.527375
vt 0.001126 0.552250
vt 0.001126 0.577125
vt 0.001126 0.602000
vt 0.001126 0.626875
vt 0.001126 0.651750
vt 0.001126 0.676625
vt 0.001126 0.701500
vt 0.001126 0.726375
vt 0.001126 0.751250
vt 0.001126 0.776125
vt 0.001126 0.801000
vt 0.001126 0.825875
vt 0.001126 0.850750
vt 0.001126 0.875625
vt 0.001126 0.900500
vt 0.001126 0.925375
vt 0.001126 0.950250
vt 0.541740 0.887167
vt 0.548149 1.000000
vt 0.541740 0.983333
vt 0.523573 1.000000
vt 0.501936 0.983333
vt 0.548149 0.857857
vt 0.541740 0.791000
vt 0.548149 0.715714
vt 0.541740 0.694833
vt 0.548149 0.573571
vt 0.541740 0.598667
vt 0.498997 1.000000
vt 0.474420 1.000000
vt 0.462132 0.983333
vt 0.449844 1.000000
vt 0.541740 0.502500
vt 0.541740 0.406333
vt 0.548149 0.431429
vt 0.501936 0.021667
vt 0.462132 0.021667
vt 0.474420 0.005000
vt 0.498997 0.005000
vt 0.548149 0.289286
vt 0.541740 0.214000
vt 0.548149 0.147143
vt 0.541740 0.310167
vt 0.548149 0.005000
vt 0.541740 0.117833
vt 0.541740 0.021667
vt 0.523573 0.005000
vt 0.422328 0.983333
vt 0.425268 1.000000
vt 0.400691 1.000000
vt 0.382524 0.983333
vt 0.376115 0.857857
vt 0.382524 0.791000
vt 0.382524 0.887167
vt 0.376115 1.000000
vt 0.376115 0.715714
vt 0.382524 0.694833
vt 0.382524 0.598667
vt 0.376115 0.573571
vt 0.376115 0.431429
vt 0.382524 0.502500
vt 0.382524 0.310167
vt 0.382524 0.406333
vt 0.376115 0.289286
vt 0.425268 0.005000
vt 0.449844 0.005000
vt 0.422328 0.021667
vt 0.400691 0.005000
vt 0.382524 0.214000
vt 0.376115 0.147143
vt 0.382524 0.021667
vt 0.382524 0.117833
vt 0.376115 0.005000
vt 0.369706 0.887167
vt 0.376115 1.000000
vt 0.369706 0.983333
vt 0.351539 1.000000
vt 0.329902 0.983333
vt 0.376115 0.857857
vt 0.369706 0.791000
vt 0.376115 0.715714
vt 0.369706 0.694833
vt 0.376115 0.573571
vt 0.369706 0.598667
vt 0.326962 1.000000
vt 0.302386 1.000000
vt 0.290098 0.983333
vt 0.369706 0.502500
vt 0.376115 0.431429
vt 0.369706 0.406333
vt 0.376115 0.289286
vt 0.369706 0.310167
vt 0.369706 0.214000
vt 0.376115 0.147143
vt 0.369706 0.117833
vt 0.376115 0.005000
vt 0.369706 0.021667
vt 0.329902 0.021667
vt 0.326962 0.005000
vt 0.351539 0.005000
vt 0.277810 0.005000
vt 0.302386 0.005000
vt 0.290098 0.021667
vt 0.250294 0.983333
vt 0.277810 1.000000
vt 0.253233 1.000000
vt 0.228657 1.000000
vt 0.210490 0.983333
vt 0.210490 0.887167
vt 0.204081 1.000000
vt 0.204081 0.857857
vt 0.210490 0.791000
vt 0.204081 0.715714
vt 0.210490 0.694833
vt 0.210490 0.598667
vt 0.204081 0.573571
vt 0.210490 0.502500
vt 0.204081 0.431429
vt 0.210490 0.406333
vt 0.210490 0.310167
vt 0.204081 0.289286
vt 0.250294 0.021667
vt 0.253233 0.005000
vt 0.228657 0.005000
vt 0.210490 0.214000
vt 0.204081 0.147143
vt 0.210490 0.021667
vt 0.210490 0.117833
vt 0.204081 0.005000
vt 0.197671 0.983333
vt 0.197671 0.887167
vt 0.204081 0.857857
vt 0.204081 1.000000
vt 0.179504 1.000000
vt 0.157867 0.983333
vt 0.204081 0.715714
vt 0.197671 0.791000
vt 0.197671 0.694833
vt 0.204081 0.573571
vt 0.197671 0.598667
vt 0.154928 1.000000
vt 0.130351 1.000000
vt 0.118063 0.983333
vt 0.105775 1.000000
vt 0.197671 0.502500
vt 0.197671 0.406333
vt 0.204081 0.431429
vt 0.204081 0.289286
vt 0.197671 0.310167
vt 0.204081 0.147143
vt 0.197671 0.214000
vt 0.204081 0.005000
vt 0.197671 0.117833
vt 0.197671 0.021667
vt 0.157867 0.021667
vt 0.118063 0.021667
vt 0.130351 0.005000
vt 0.154928 0.005000
vt 0.179504 0.005000
vt 0.078259 0.983333
vt 0.081199 1.000000
vt 0.056622 1.000000
vt 0.038455 0.983333
vt 0.038455 0.887167
vt 0.032046 0.857857
vt 0.038455 0.791000
vt 0.032046 1.000000
vt 0.032046 0.715714
vt 0.038455 0.694833
vt 0.038455 0.598667
vt 0.032046 0.573571
vt 0.032046 0.431429
vt 0.038455 0.502500
vt 0.032046 0.289286
vt 0.038455 0.310167
vt 0.038455 0.406333
vt 0.081199 0.005000
vt 0.105775 0.005000
vt 0.078259 0.021667
vt 0.056622 0.005000
vt 0.038455 0.214000
vt 0.032046 0.147143
vt 0.038455 0.021667
vt 0.032046 0.005000
vt 0.038455 0.117833
vt 0.541740 0.887167
vt 0.548149 1.000000
vt 0.541740 0.983333
vt 0.523573 1.000000
vt 0.501936 0.983333
vt 0.548149 0.857857
vt 0.541740 0.791000
vt 0.548149 0.715714
vt 0.541740 0.694833
vt 0.548149 0.573571
vt 0.541740 0.598667
vt 0.498997 1.000000
vt 0.474420 1.000000
vt 0.462132 0.983333
vt 0.449844 1.000000
vt 0.541740 0.502500
vt 0.541740 0.406333
vt 0.548149 0.431429
vt 0.501936 0.021667
vt 0.462132 0.021667
vt 0.474420 0.005000
vt 0.498997 0.005000
vt 0.548149 0.289286
vt 0.541740 0.214000
vt 0.548149 0.147143
vt 0.541740 0.310167
vt 0.548149 0.005000
vt 0.541740 0.117833
vt 0.541740 0.021667
vt 0.523573 0.005000
vt 0.422328 0.983333
vt 0.425268 1.000000
vt 0.400691 1.000000
vt 0.382524 0.983333
vt 0.376115 0.857857
vt 0.382524 0.791000
vt 0.382524 0.887167
vt 0.376115 1.000000
vt 0.376115 0.715714
vt 0.382524 0.694833
vt 0.382524 0.598667
vt 0.376115 0.573571
vt 0.376115 0.431429
vt 0.382524 0.502500
vt 0.382524 0.310167
vt 0.382524 0.406333
vt 0.376115 0.289286
vt 0.422328 0.021667
vt 0.425268 0.005000
vt 0.449844 0.005000
vt 0.400691 0.005000
vt 0.382524 0.214000
vt 0.376115 0.147143
vt 0.382524 0.021667
vt 0.382524 0.117833
vt 0.376115 0.005000
vt 0.369706 0.887167
vt 0.376115 1.000000
vt 0.369706 0.983333
vt 0.351539 1.000000
vt 0.329902 0.983333
vt 0.376115 0.857857
vt 0.369706 0.791000
vt 0.376115 0.715714
vt 0.369706 0.694833
vt 0.376115 0.573571
vt 0.369706 0.598667
vt 0.326962 1.000000
vt 0.302386 1.000000
vt 0.290098 0.983333
vt 0.277810 1.000000
vt 0.369706 0.502500
vt 0.369706 0.406333
vt 0.376115 0.431429
vt 0.329902 0.021667
vt 0.290098 0.021667
vt 0.302386 0.005000
vt 0.326962 0.005000
vt 0.376115 0.289286
vt 0.369706 0.214000
vt 0.376115 0.147143
vt 0.369706 0.310167
vt 0.376115 0.005000
vt 0.369706 0.117833
vt 0.369706 0.021667
vt 0.351539 0.005000
vt 0.250294 0.983333
vt 0.253233 1.000000
vt 0.228657 1.000000
vt 0.210490 0.983333
vt 0.204081 0.857857
vt 0.210490 0.791000
vt 0.210490 0.887167
vt 0.204081 1.000000
vt 0.204081 0.715714
vt 0.210490 0.694833
vt 0.210490 0.598667
vt 0.204081 0.573571
vt 0.204081 0.431429
vt 0.210490 0.502500
vt 0.210490 0.310167
vt 0.210490 0.406333
vt 0.204081 0.289286
vt 0.253233 0.005000
vt 0.277810 0.005000
vt 0.250294 0.021667
vt 0.228657 0.005000
vt 0.210490 0.214000
vt 0.204081 0.147143
vt 0.210490 0.021667
vt 0.210490 0.117833
vt 0.204081 0.005000
vt 0.197671 0.983333
vt 0.197671 0.887167
vt 0.204081 0.857857
vt 0.204081 1.000000
vt 0.179504 1.000000
vt 0.157867 0.983333
vt 0.204081 0.715714
vt 0.197671 0.791000
vt 0.197671 0.694833
vt 0.204081 0.573571
vt 0.197671 0.598667
vt 0.154928 1.000000
vt 0.130351 1.000000
vt 0.118063 0.983333
vt 0.105775 1.000000
vt 0.197671 0.502500
vt 0.197671 0.406333
vt 0.204081 0.431429
vt 0.204081 0.289286
vt 0.197671 0.310167
vt 0.204081 0.147143
vt 0.197671 0.214000
vt 0.204081 0.005000
vt 0.197671 0.117833
vt 0.197671 0.021667
vt 0.157867 0.021667
vt 0.118063 0.021667
vt 0.130351 0.005000
vt 0.154928 0.005000
vt 0.179504 0.005000
vt 0.078259 0.983333
vt 0.081199 1.000000
vt 0.056622 1.000000
vt 0.038455 0.983333
vt 0.038455 0.887167
vt 0.032046 0.857857
vt 0.038455 0.791000
vt 0.032046 1.000000
vt 0.032046 0.715714
vt 0.038455 0.694833
vt 0.038455 0.598667
vt 0.032046 0.573571
vt 0.032046 0.431429
vt 0.038455 0.502500
vt 0.032046 0.289286
vt 0.038455 0.310167
vt 0.038455 0.406333
vt 0.081199 0.005000
vt 0.105775 0.005000
vt 0.078259 0.021667
vt 0.056622 0.005000
vt 0.038455 0.214000
vt 0.032046 0.147143
vt 0.038455 0.021667
vt 0.032046 0.005000
vt 0.038455 0.117833
vt 0.336837 0.001602
vt 0.333584 0.001602
vt 0.330330 0.001602
vt 0.330330 0.000000
vt 0.333584 0.000000
vt 0.336837 0.000000
vt 0.343343 0.000000
vt 0.349850 0.000000
vt 0.356356 0.000000
vt 0.362863 0.000000
vt 0.369369 0.000000
vt 0.375876 0.000000
vt 0.382382 0.000000
vt 0.388889 0.000000
vt 0.395395 0.000000
vt 0.401902 0.000000
vt 0.408408 0.000000
vt 0.414915 0.000000
vt 0.421421 0.000000
vt 0.427928 0.000000
vt 0.434434 0.000000
vt 0.440941 0.000000
vt 0.447447 0.000000
vt 0.453954 0.000000
vt 0.460460 0.000000
vt 0.463714 0.000000
vt 0.466967 0.000000
vt 0.466967 0.001602
vt 0.463714 0.001602
vt 0.460460 0.001602
vt 0.453954 0.001602
vt 0.447447 0.001602
vt 0.440941 0.001602
vt 0.434434 0.001602
vt 0.427928 0.001602
vt 0.421421 0.001602
vt 0.414915 0.001602
vt 0.408408 0.001602
vt 0.401902 0.001602
vt 0.395395 0.001602
vt 0.388889 0.001602
vt 0.382382 0.001602
vt 0.375876 0.001602
vt 0.369369 0.001602
vt 0.362863 0.001602
vt 0.356356 0.001602
vt 0.349850 0.001602
vt 0.343343 0.001602
vt 0.998398 0.029875
vt 0.998398 0.017437
vt 0.998398 0.005000
vt 1.000000 0.005000
vt 1.000000 0.017437
vt 1.000000 0.029875
vt 1.000000 0.054750
vt 1.000000 0.079625
vt 1.000000 0.104500
vt 1.000000 0.129375
vt 1.000000 0.154250
vt 1.000000 0.179125
vt 1.000000 0.204000
vt 1.000000 0.228875
vt 1.000000 0.253750
vt 1.000000 0.278625
vt 1.000000 0.303500
vt 1.000000 0.328375
vt 1.000000 0.353250
vt 1.000000 0.378125
vt 1.000000 0.403000
vt 1.000000 0.427875
vt 1.000000 0.452750
vt 1.000000 0.477625
vt 1.000000 0.502500
vt 1.000000 0.527375
vt 1.000000 0.552250
vt 1.000000 0.577125
vt 1.000000 0.602000
vt 1.000000 0.626875
vt 1.000000 0.651750
vt 1.000000 0.676625
vt 1.000000 0.701500
vt 1.000000 0.726375
vt 1.000000 0.751250
vt 1.000000 0.776125
vt 1.000000 0.801000
vt 1.000000 0.825875
vt 1.000000 0.850750
vt 1.000000 0.875625
vt 1.000000 0.900500
vt 1.000000 0.925375
vt 1.000000 0.950250
vt 1.000000 0.975125
vt 1.000000 0.987562
vt 1.000000 1.000000
vt 0.998398 1.000000
vt 0.998398 0.987562
vt 0.998398 0.975125
vt 0.998398 0.950250
vt 0.998398 0.925375
vt 0.998398 0.900500
vt 0.998398 0.875625
vt 0.998398 0.850750
vt 0.998398 0.825875
vt 0.998398 0.801000
vt 0.998398 0.776125
vt 0.998398 0.751250
vt 0.998398 0.726375
vt 0.998398 0.701500
vt 0.998398 0.676625
vt 0.998398 0.651750
vt 0.998398 0.626875
vt 0.998398 0.602000
vt 0.998398 0.577125
vt 0.998398 0.552250
vt 0.998398 0.527375
vt 0.998398 0.502500
vt 0.998398 0.477625
vt 0.998398 0.452750
vt 0.998398 0.427875
vt 0.998398 0.403000
vt 0.998398 0.378125
vt 0.998398 0.353250
vt 0.998398 0.328375
vt 0.998398 0.303500
vt 0.998398 0.278625
vt 0.998398 0.253750
vt 0.998398 0.228875
vt 0.998398 0.204000
vt 0.998398 0.179125
vt 0.998398 0.154250
vt 0.998398 0.129375
vt 0.998398 0.104500
vt 0.998398 0.079625
vt 0.998398 0.054750
vt 0.539540 0.001602
vt 0.536286 0.001602
vt 0.533033 0.001602
vt 0.533033 0.000000
vt 0.536286 0.000000
vt 0.539540 0.000000
vt 0.546046 0.000000
vt 0.552553 0.000000
vt 0.559059 0.000000
vt 0.565566 0.000000
vt 0.572072 0.000000
vt 0.578579 0.000000
vt 0.585085 0.000000
vt 0.591592 0.000000
vt 0.598098 0.000000
vt 0.604605 0.000000
vt 0.611111 0.000000
vt 0.617618 0.000000
vt 0.624124 0.000000
vt 0.630631 0.000000
vt 0.637137 0.000000
vt 0.643644 0.000000
vt 0.650150 0.000000
vt 0.656657 0.000000
vt 0.663163 0.000000
vt 0.666416 0.000000
vt 0.669670 0.000000
vt 0.669670 0.001602
vt 0.666416 0.001602
vt 0.663163 0.001602
vt 0.656657 0.001602
vt 0.650150 0.001602
vt 0.643644 0.001602
vt 0.637137 0.001602
vt 0.630631 0.001602
vt 0.624124 0.001602
vt 0.617618 0.001602
vt 0.611111 0.001602
vt 0.604605 0.001602
vt 0.598098 0.001602
vt 0.591592 0.001602
vt 0.585085 0.001602
vt 0.578579 0.001602
vt 0.572072 0.001602
vt 0.565566 0.001602
vt 0.559059 0.001602
vt 0.552553 0.001602
vt 0.546046 0.001602
vt 0.001602 0.975125
vt 0.001602 0.987562
vt 0.001602 1.000000
vt 0.000000 1.000000
vt 0.000000 0.987562
vt 0.000000 0.975125
vt 0.000000 0.950250
vt 0.000000 0.925375
vt 0.000000 0.900500
vt 0.000000 0.875625
vt 0.000000 0.850750
vt 0.000000 0.825875
vt 0.000000 0.801000
vt 0.000000 0.776125
vt 0.000000 0.751250
vt 0.000000 0.726375
vt 0.000000 0.701500
vt 0.000000 0.676625
vt 0.000000 0.651750
vt 0.000000 0.626875
vt 0.000000 0.602000
vt 0.000000 0.577125
vt 0.000000 0.552250
vt 0.000000 0.527375
vt 0.000000 0.502500
vt 0.000000 0.477625
vt 0.000000 0.452750
vt 0.000000 0.427875
vt 0.000000 0.403000
vt 0.000000 0.378125
vt 0.000000 0.353250
vt 0.000000 0.328375
vt 0.000000 0.303500
vt 0.000000 0.278625
vt 0.000000 0.253750
vt 0.000000 0.228875
vt 0.000000 0.204000
vt 0.000000 0.179125
vt 0.000000 0.154250
vt 0.000000 0.129375
vt 0.000000 0.104500
vt 0.000000 0.079625
vt 0.000000 0.054750
vt 0.000000 0.029875
vt 0.000000 0.017437
vt 0.000000 0.005000
vt 0.001602 0.005000
vt 0.001602 0.017437
vt 0.001602 0.029875
vt 0.001602 0.054750
vt 0.001602 0.079625
vt 0.001602 0.104500
vt 0.001602 0.129375
vt 0.001602 0.154250
vt 0.001602 0.179125
vt 0.001602 0.204000
vt 0.001602 0.228875
vt 0.001602 0.253750
vt 0.001602 0.278625
vt 0.001602 0.303500
vt 0.001602 0.328375
vt 0.001602 0.353250
vt 0.001602 0.378125
vt 0.001602 0.403000
vt 0.001602 0.427875
vt 0.001602 0.452750
vt 0.001602 0.477625
vt 0.001602 0.502500
vt 0.001602 0.527375
vt 0.001602 0.552250
vt 0.001602 0.577125
vt 0.001602 0.602000
vt 0.001602 0.626875
vt 0.001602 0.651750
vt 0.001602 0.676625
vt 0.001602 0.701500
vt 0.001602 0.726375
vt 0.001602 0.751250
vt 0.001602 0.776125
vt 0.001602 0.801000
vt 0.001602 0.825875
vt 0.001602 0.850750
vt 0.001602 0.875625
vt 0.001602 0.900500
vt 0.001602 0.925375
vt 0.001602 0.950250
vt 0.801802 0.021667
vt 0.806306 0.005000
vt 0.806306 0.147143
vt 0.801802 0.117833
vt 0.786787 0.005000
vt 0.776276 0.021667
vt 0.806306 0.289286
vt 0.801802 0.310167
vt 0.801802 0.214000
vt 0.806306 0.431429
vt 0.801802 0.406333
vt 0.767267 0.005000
vt 0.750751 0.021667
vt 0.747748 0.005000
vt 0.801802 0.502500
vt 0.801802 0.598667
vt 0.806306 0.573571
vt 0.806306 0.715714
vt 0.801802 0.694833
vt 0.806306 0.857857
vt 0.801802 0.791000
vt 0.806306 1.000000
vt 0.801802 0.983333
vt 0.801802 0.887167
vt 0.786787 1.000000
vt 0.776276 0.983333
vt 0.767267 1.000000
vt 0.747748 1.000000
vt 0.750751 0.983333
vt 0.728228 1.000000
vt 0.725225 0.983333
vt 0.728228 0.005000
vt 0.725225 0.021667
vt 0.699700 0.021667
vt 0.708709 0.005000
vt 0.689189 0.005000
vt 0.674174 0.021667
vt 0.669670 0.005000
vt 0.674174 0.117833
vt 0.674174 0.214000
vt 0.669670 0.147143
vt 0.669670 0.289286
vt 0.674174 0.310167
vt 0.674174 0.406333
vt 0.669670 0.431429
vt 0.674174 0.502500
vt 0.669670 0.573571
vt 0.674174 0.598667
vt 0.708709 1.000000
vt 0.699700 0.983333
vt 0.689189 1.000000
vt 0.669670 0.715714
vt 0.674174 0.694833
vt 0.674174 0.791000
vt 0.669670 0.857857
vt 0.669670 1.000000
vt 0.674174 0.983333
vt 0.674174 0.887167
vt 0.665165 0.021667
vt 0.669670 0.005000
vt 0.669670 0.147143
vt 0.665165 0.117833
vt 0.650150 0.005000
vt 0.639640 0.021667
vt 0.669670 0.289286
vt 0.665165 0.310167
vt 0.665165 0.214000
vt 0.665165 0.502500
vt 0.665165 0.406333
vt 0.669670 0.431429
vt 0.630631 0.005000
vt 0.614114 0.021667
vt 0.611111 0.005000
vt 0.669670 0.715714
vt 0.665165 0.694833
vt 0.665165 0.598667
vt 0.669670 0.573571
vt 0.669670 0.857857
vt 0.665165 0.791000
vt 0.669670 1.000000
vt 0.665165 0.983333
vt 0.665165 0.887167
vt 0.650150 1.000000
vt 0.639640 0.983333
vt 0.630631 1.000000
vt 0.611111 1.000000
vt 0.614114 0.983333
vt 0.591592 1.000000
vt 0.588589 0.983333
vt 0.588589 0.021667
vt 0.591592 0.005000
vt 0.563063 0.021667
vt 0.572072 0.005000
vt 0.552553 0.005000
vt 0.537538 0.021667
vt 0.533033 0.005000
vt 0.537538 0.117833
vt 0.533033 0.147143
vt 0.537538 0.214000
vt 0.537538 0.310167
vt 0.533033 0.289286
vt 0.537538 0.406333
vt 0.533033 0.431429
vt 0.537538 0.502500
vt 0.533033 0.573571
vt 0.537538 0.598667
vt 0.572072 1.000000
vt 0.563063 0.983333
vt 0.552553 1.000000
vt 0.533033 0.715714
vt 0.537538 0.694833
vt 0.537538 0.791000
vt 0.533033 0.857857
vt 0.533033 1.000000
vt 0.537538 0.983333
vt 0.537538 0.887167
vt 0.528529 0.021667
vt 0.533033 0.005000
vt 0.533033 0.147143
vt 0.528529 0.117833
vt 0.513514 0.005000
vt 0.503003 0.021667
vt 0.533033 0.289286
vt 0.528529 0.310167
vt 0.528529 0.214000
vt 0.533033 0.431429
vt 0.528529 0.406333
vt 0.493994 0.005000
vt 0.477477 0.021667
vt 0.474474 0.005000
vt 0.528529 0.502500
vt 0.528529 0.598667
vt 0.533033 0.573571
vt 0.533033 0.715714
vt 0.528529 0.694833
vt 0.533033 0.857857
vt 0.528529 0.791000
vt 0.533033 1.000000
vt 0.528529 0.887167
vt 0.528529 0.983333
vt 0.513514 1.000000
vt 0.503003 0.983333
vt 0.493994 1.000000
vt 0.474474 1.000000
vt 0.477477 0.983333
vt 0.454955 1.000000
vt 0.451952 0.983333
vt 0.451952 0.021667
vt 0.454955 0.005000
vt 0.435435 0.005000
vt 0.426426 0.021667
vt 0.415916 0.005000
vt 0.400901 0.021667
vt 0.396396 0.005000
vt 0.400901 0.117833
vt 0.396396 0.147143
vt 0.400901 0.214000
vt 0.400901 0.310167
vt 0.396396 0.289286
vt 0.400901 0.406333
vt 0.396396 0.431429
vt 0.400901 0.502500
vt 0.396396 0.573571
vt 0.400901 0.598667
vt 0.435435 1.000000
vt 0.426426 0.983333
vt 0.415916 1.000000
vt 0.396396 0.715714
vt 0.400901 0.694833
vt 0.400901 0.791000
vt 0.396396 0.857857
vt 0.396396 1.000000
vt 0.400901 0.983333
vt 0.400901 0.887167
vt 0.998398 0.046325
vt 0.998398 0.033996
vt 0.998398 0.021667
vt 1.000000 0.021667
vt 1.000000 0.033996
vt 1.000000 0.046325
vt 1.000000 0.070983
vt 1.000000 0.095641
vt 1.000000 0.120299
vt 1.000000 0.144957
vt 1.000000 0.169615
vt 1.000000 0.194274
vt 1.000000 0.218932
vt 1.000000 0.243590
vt 1.000000 0.268248
vt 1.000000 0.292906
vt 1.000000 0.317564
vt 1.000000 0.342222
vt 1.000000 0.366880
vt 1.000000 0.391538
vt 1.000000 0.416197
vt 1.000000 0.440855
vt 1.000000 0.465513
vt 1.000000 0.490171
vt 1.000000 0.514829
vt 1.000000 0.539487
vt 1.000000 0.564145
vt 1.000000 0.588803
vt 1.000000 0.613462
vt 1.000000 0.638120
vt 1.000000 0.662778
vt 1.000000 0.687436
vt 1.000000 0.712094
vt 1.000000 0.736752
vt 1.000000 0.761410
vt 1.000000 0.786068
vt 1.000000 0.810726
vt 1.000000 0.835385
vt 1.000000 0.860043
vt 1.000000 0.884701
vt 1.000000 0.909359
vt 1.000000 0.934017
vt 1.000000 0.958675
vt 1.000000 0.971004
vt 1.000000 0.983333
vt 0.998398 0.983333
vt 0.998398 0.971004
vt 0.998398 0.958675
vt 0.998398 0.934017
vt 0.998398 0.909359
vt 0.998398 0.884701
vt 0.998398 0.860043
vt 0.998398 0.835385
vt 0.998398 0.810726
vt 0.998398 0.786068
vt 0.998398 0.761410
vt 0.998398 0.736752
vt 0.998398 0.712094
vt 0.998398 0.687436
vt 0.998398 0.662778
vt 0.998398 0.638120
vt 0.998398 0.613462
vt 0.998398 0.588803
vt 0.998398 0.564145
vt 0.998398 0.539487
vt 0.998398 0.514829
vt 0.998398 0.490171
vt 0.998398 0.465513
vt 0.998398 0.440855
vt 0.998398 0.416197
vt 0.998398 0.391538
vt 0.998398 0.366880
vt 0.998398 0.342222
vt 0.998398 0.317564
vt 0.998398 0.292906
vt 0.998398 0.268248
vt 0.998398 0.243590
vt 0.998398 0.218932
vt 0.998398 0.194274
vt 0.998398 0.169615
vt 0.998398 0.144957
vt 0.998398 0.120299
vt 0.998398 0.095641
vt 0.998398 0.070983
vt 0.478189 0.001602
vt 0.474830 0.001602
vt 0.471471 0.001602
vt 0.471471 0.000000
vt 0.474830 0.000000
vt 0.478189 0.000000
vt 0.484906 0.000000
vt 0.491623 0.000000
vt 0.498340 0.000000
vt 0.505058 0.000000
vt 0.511775 0.000000
vt 0.518492 0.000000
vt 0.525209 0.000000
vt 0.531927 0.000000
vt 0.538644 0.000000
vt 0.545361 0.000000
vt 0.552078 0.000000
vt 0.558796 0.000000
vt 0.565513 0.000000
vt 0.572230 0.000000
vt 0.578947 0.000000
vt 0.585665 0.000000
vt 0.592382 0.000000
vt 0.595740 0.000000
vt 0.599099 0.000000
vt 0.599099 0.001602
vt 0.595740 0.001602
vt 0.592382 0.001602
vt 0.585665 0.001602
vt 0.578947 0.001602
vt 0.572230 0.001602
vt 0.565513 0.001602
vt 0.558796 0.001602
vt 0.552078 0.001602
vt 0.545361 0.001602
vt 0.538644 0.001602
vt 0.531927 0.001602
vt 0.525209 0.001602
vt 0.518492 0.001602
vt 0.511775 0.001602
vt 0.505058 0.001602
vt 0.498340 0.001602
vt 0.491623 0.001602
vt 0.484906 0.001602
vt 0.001602 0.958675
vt 0.001602 0.971004
vt 0.001602 0.983333
vt 0.000000 0.983333
vt 0.000000 0.971004
vt 0.000000 0.958675
vt 0.000000 0.934017
vt 0.000000 0.909359
vt 0.000000 0.884701
vt 0.000000 0.860043
vt 0.000000 0.835385
vt 0.000000 0.810726
vt 0.000000 0.786068
vt 0.000000 0.761410
vt 0.000000 0.736752
vt 0.000000 0.712094
vt 0.000000 0.687436
vt 0.000000 0.662778
vt 0.000000 0.638120
vt 0.000000 0.613462
vt 0.000000 0.588803
vt 0.000000 0.564145
vt 0.000000 0.539487
vt 0.000000 0.514829
vt 0.000000 0.490171
vt 0.000000 0.465513
vt 0.000000 0.440855
vt 0.000000 0.416197
vt 0.000000 0.391538
vt 0.000000 0.366880
vt 0.000000 0.342222
vt 0.000000 0.317564
vt 0.000000 0.292906
vt 0.000000 0.268248
vt 0.000000 0.243590
vt 0.000000 0.218932
vt 0.000000 0.194274
vt 0.000000 0.169615
vt 0.000000 0.144957
vt 0.000000 0.120299
vt 0.000000 0.095641
vt 0.000000 0.070983
vt 0.000000 0.046325
vt 0.000000 0.033996
vt 0.000000 0.021667
vt 0.001602 0.021667
vt 0.001602 0.033996
vt 0.001602 0.046325
vt 0.001602 0.070983
vt 0.001602 0.095641
vt 0.001602 0.120299
vt 0.001602 0.144957
vt 0.001602 0.169615
vt 0.001602 0.194274
vt 0.001602 0.218932
vt 0.001602 0.243590
vt 0.001602 0.268248
vt 0.001602 0.292906
vt 0.001602 0.317564
vt 0.001602 0.342222
vt 0.001602 0.366880
vt 0.001602 0.391538
vt 0.001602 0.416197
vt 0.001602 0.440855
vt 0.001602 0.465513
vt 0.001602 0.490171
vt 0.001602 0.514829
vt 0.001602 0.539487
vt 0.001602 0.564145
vt 0.001602 0.588803
vt 0.001602 0.613462
vt 0.001602 0.638120
vt 0.001602 0.662778
vt 0.001602 0.687436
vt 0.001602 0.712094
vt 0.001602 0.736752
vt 0.001602 0.761410
vt 0.001602 0.786068
vt 0.001602 0.810726
vt 0.001602 0.835385
vt 0.001602 0.860043
vt 0.001602 0.884701
vt 0.001602 0.909359
vt 0.001602 0.934017
vt 0.407618 0.001602
vt 0.404260 0.001602
vt 0.400901 0.001602
vt 0.400901 0.000000
vt 0.404260 0.000000
vt 0.407618 0.000000
vt 0.414335 0.000000
vt 0.421053 0.000000
vt 0.427770 0.000000
vt 0.434487 0.000000
vt 0.441204 0.000000
vt 0.447922 0.000000
vt 0.454639 0.000000
vt 0.461356 0.000000
vt 0.468073 0.000000
vt 0.474791 0.000000
vt 0.481508 0.000000
vt 0.488225 0.000000
vt 0.494942 0.000000
vt 0.501660 0.000000
vt 0.508377 0.000000
vt 0.515094 0.000000
vt 0.521811 0.000000
vt 0.525170 0.000000
vt 0.528529 0.000000
vt 0.528529 0.001602
vt 0.525170 0.001602
vt 0.521811 0.001602
vt 0.515094 0.001602
vt 0.508377 0.001602
vt 0.501660 0.001602
vt 0.494942 0.001602
vt 0.488225 0.001602
vt 0.481508 0.001602
vt 0.474791 0.001602
vt 0.468073 0.001602
vt 0.461356 0.001602
vt 0.454639 0.001602
vt 0.447922 0.001602
vt 0.441204 0.001602
vt 0.434487 0.001602
vt 0.427770 0.001602
vt 0.421053 0.001602
vt 0.414335 0.001602
vt 0.473473 0.001602
vt 0.470220 0.001602
vt 0.466967 0.001602
vt 0.466967 0.000000
vt 0.470220 0.000000
vt 0.473473 0.000000
vt 0.479980 0.000000
vt 0.486486 0.000000
vt 0.492993 0.000000
vt 0.499499 0.000000
vt 0.506006 0.000000
vt 0.512513 0.000000
vt 0.519019 0.000000
vt 0.525526 0.000000
vt 0.532032 0.000000
vt 0.538539 0.000000
vt 0.545045 0.000000
vt 0.551552 0.000000
vt 0.558058 0.000000
vt 0.564565 0.000000
vt 0.571071 0.000000
vt 0.577578 0.000000
vt 0.584084 0.000000
vt 0.590591 0.000000
vt 0.597097 0.000000
vt 0.600350 0.000000
vt 0.603604 0.000000
vt 0.603604 0.001602
vt 0.600350 0.001602
vt 0.597097 0.001602
vt 0.590591 0.001602
vt 0.584084 0.001602
vt 0.577578 0.001602
vt 0.571071 0.001602
vt 0.564565 0.001602
vt 0.558058 0.001602
vt 0.551552 0.001602
vt 0.545045 0.001602
vt 0.538539 0.001602
vt 0.532032 0.001602
vt 0.525526 0.001602
vt 0.519019 0.001602
vt 0.512513 0.001602
vt 0.506006 0.001602
vt 0.499499 0.001602
vt 0.492993 0.001602
vt 0.486486 0.001602
vt 0.479980 0.001602
vt 0.998398 0.029875
vt 0.998398 0.017437
vt 0.998398 0.005000
vt 1.000000 0.005000
vt 1.000000 0.017437
vt 1.000000 0.029875
vt 1.000000 0.054750
vt 1.000000 0.079625
vt 1.000000 0.104500
vt 1.000000 0.129375
vt 1.000000 0.154250
vt 1.000000 0.179125
vt 1.000000 0.204000
vt 1.000000 0.228875
vt 1.000000 0.253750
vt 1.000000 0.278625
vt 1.000000 0.303500
vt 1.000000 0.328375
vt 1.000000 0.353250
vt 1.000000 0.378125
vt 1.000000 0.403000
vt 1.000000 0.427875
vt 1.000000 0.452750
vt 1.000000 0.477625
vt 1.000000 0.502500
vt 1.000000 0.527375
vt 1.000000 0.552250
vt 1.000000 0.577125
vt 1.000000 0.602000
vt 1.000000 0.626875
vt 1.000000 0.651750
vt 1.000000 0.676625
vt 1.000000 0.701500
vt 1.000000 0.726375
vt 1.000000 0.751250
vt 1.000000 0.776125
vt 1.000000 0.801000
vt 1.000000 0.825875
vt 1.000000 0.850750
vt 1.000000 0.875625
vt 1.000000 0.900500
vt 1.000000 0.925375
vt 1.000000 0.950250
vt 1.000000 0.975125
vt 1.000000 0.987562
vt 1.000000 1.000000
vt 0.998398 1.000000
vt 0.998398 0.987562
vt 0.998398 0.975125
vt 0.998398 0.950250
vt 0.998398 0.925375
vt 0.998398 0.900500
vt 0.998398 0.875625
vt 0.998398 0.850750
vt 0.998398 0.825875
vt 0.998398 0.801000
vt 0.998398 0.776125
vt 0.998398 0.751250
vt 0.998398 0.726375
vt 0.998398 0.701500
vt 0.998398 0.676625
vt 0.998398 0.651750
vt 0.998398 0.626875
vt 0.998398 0.602000
vt 0.998398 0.577125
vt 0.998398 0.552250
vt 0.998398 0.527375
vt 0.998398 0.502500
vt 0.998398 0.477625
vt 0.998398 0.452750
vt 0.998398 0.427875
vt 0.998398 0.403000
vt 0.998398 0.378125
vt 0.998398 0.353250
vt 0.998398 0.328375
vt 0.998398 0.303500
vt 0.998398 0.278625
vt 0.998398 0.253750
vt 0.998398 0.228875
vt 0.998398 0.204000
vt 0.998398 0.179125
vt 0.998398 0.154250
vt 0.998398 0.129375
vt 0.998398 0.104500
vt 0.998398 0.079625
vt 0.998398 0.054750
vt 0.402903 0.001602
vt 0.399650 0.001602
vt 0.396396 0.001602
vt 0.396396 0.000000
vt 0.399650 0.000000
vt 0.402903 0.000000
vt 0.409409 0.000000
vt 0.415916 0.000000
vt 0.422422 0.000000
vt 0.428929 0.000000
vt 0.435435 0.000000
vt 0.441942 0.000000
vt 0.448448 0.000000
vt 0.454955 0.000000
vt 0.461461 0.000000
vt 0.467968 0.000000
vt 0.474474 0.000000
vt 0.480981 0.000000
vt 0.487487 0.000000
vt 0.493994 0.000000
vt 0.500501 0.000000
vt 0.507007 0.000000
vt 0.513514 0.000000
vt 0.520020 0.000000
vt 0.526527 0.000000
vt 0.529780 0.000000
vt 0.533033 0.000000
vt 0.533033 0.001602
vt 0.529780 0.001602
vt 0.526527 0.001602
vt 0.520020 0.001602
vt 0.513514 0.001602
vt 0.507007 0.001602
vt 0.500501 0.001602
vt 0.493994 0.001602
vt 0.487487 0.001602
vt 0.480981 0.001602
vt 0.474474 0.001602
vt 0.467968 0.001602
vt 0.461461 0.001602
vt 0.454955 0.001602
vt 0.448448 0.001602
vt 0.441942 0.001602
vt 0.435435 0.001602
vt 0.428929 0.001602
vt 0.422422 0.001602
vt 0.415916 0.001602
vt 0.409409 0.001602
vt 0.001602 0.975125
vt 0.001602 0.987562
vt 0.001602 1.000000
vt 0.000000 1.000000
vt 0.000000 0.987562
vt 0.000000 0.975125
vt 0.000000 0.950250
vt 0.000000 0.925375
vt 0.000000 0.900500
vt 0.000000 0.875625
vt 0.000000 0.850750
vt 0.000000 0.825875
vt 0.000000 0.801000
vt 0.000000 0.776125
vt 0.000000 0.751250
vt 0.000000 0.726375
vt 0.000000 0.701500
vt 0.000000 0.676625
vt 0.000000 0.651750
vt 0.000000 0.626875
vt 0.000000 0.602000
vt 0.000000 0.577125
vt 0.000000 0.552250
vt 0.000000 0.527375
vt 0.000000 0.502500
vt 0.000000 0.477625
vt 0.000000 0.452750
vt 0.000000 0.427875
vt 0.000000 0.403000
vt 0.000000 0.378125
vt 0.000000 0.353250
vt 0.000000 0.328375
vt 0.000000 0.303500
vt 0.000000 0.278625
vt 0.000000 0.253750
vt 0.000000 0.228875
vt 0.000000 0.204000
vt 0.000000 0.179125
vt 0.000000 0.154250
vt 0.000000 0.129375
vt 0.000000 0.104500
vt 0.000000 0.079625
vt 0.000000 0.054750
vt 0.000000 0.029875
vt 0.000000 0.017437
vt 0.000000 0.005000
vt 0.001602 0.005000
vt 0.001602 0.017437
vt 0.001602 0.029875
vt 0.001602 0.054750
vt 0.001602 0.079625
vt 0.001602 0.104500
vt 0.001602 0.129375
vt 0.001602 0.154250
vt 0.001602 0.179125
vt 0.001602 0.204000
vt 0.001602 0.228875
vt 0.001602 0.253750
vt 0.001602 0.278625
vt 0.001602 0.303500
vt 0.001602 0.328375
vt 0.001602 0.353250
vt 0.001602 0.378125
vt 0.001602 0.403000
vt 0.001602 0.427875
vt 0.001602 0.452750
vt 0.001602 0.477625
vt 0.001602 0.502500
vt 0.001602 0.527375
vt 0.001602 0.552250
vt 0.001602 0.577125
vt 0.001602 0.602000
vt 0.001602 0.626875
vt 0.001602 0.651750
vt 0.001602 0.676625
vt 0.001602 0.701500
vt 0.001602 0.726375
vt 0.001602 0.751250
vt 0.001602 0.776125
vt 0.001602 0.801000
vt 0.001602 0.825875
vt 0.001602 0.850750
vt 0.001602 0.875625
vt 0.001602 0.900500
vt 0.001602 0.925375
vt 0.001602 0.950250
vt 0.998398 0.046325
vt 0.998398 0.033996
vt 0.998398 0.021667
vt 1.000000 0.021667
vt 1.000000 0.033996
vt 1.000000 0.046325
vt 1.000000 0.070983
vt 1.000000 0.095641
vt 1.000000 0.120299
vt 1.000000 0.144957
vt 1.000000 0.169615
vt 1.000000 0.194274
vt 1.000000 0.218932
vt 1.000000 0.243590
vt 1.000000 0.268248
vt 1.000000 0.292906
vt 1.000000 0.317564
vt 1.000000 0.342222
vt 1.000000 0.366880
vt 1.000000 0.391538
vt 1.000000 0.416197
vt 1.000000 0.440855
vt 1.000000 0.465513
vt 1.000000 0.490171
vt 1.000000 0.514829
vt 1.000000 0.539487
vt 1.000000 0.564145
vt 1.000000 0.588803
vt 1.000000 0.613462
vt 1.000000 0.638120
vt 1.000000 0.662778
vt 1.000000 0.687436
vt 1.000000 0.712094
vt 1.000000 0.736752
vt 1.000000 0.761410
vt 1.000000 0.786068
vt 1.000000 0.810726
vt 1.000000 0.835385
vt 1.000000 0.860043
vt 1.000000 0.884701
vt 1.000000 0.909359
vt 1.000000 0.934017
vt 1.000000 0.958675
vt 1.000000 0.971004
vt 1.000000 0.983333
vt 0.998398 0.983333
vt 0.998398 0.971004
vt 0.998398 0.958675
vt 0.998398 0.934017
vt 0.998398 0.909359
vt 0.998398 0.884701
vt 0.998398 0.860043
vt 0.998398 0.835385
vt 0.998398 0.810726
vt 0.998398 0.786068
vt 0.998398 0.761410
vt 0.998398 0.736752
vt 0.998398 0.712094
vt 0.998398 0.687436
vt 0.998398 0.662778
vt 0.998398 0.638120
vt 0.998398 0.613462
vt 0.998398 0.588803
vt 0.998398 0.564145
vt 0.998398 0.539487
vt 0.998398 0.514829
vt 0.998398 0.490171
vt 0.998398 0.465513
vt 0.998398 0.440855
vt 0.998398 0.416197
vt 0.998398 0.391538
vt 0.998398 0.366880
vt 0.998398 0.342222
vt 0.998398 0.317564
vt 0.998398 0.292906
vt 0.998398 0.268248
vt 0.998398 0.243590
vt 0.998398 0.218932
vt 0.998398 0.194274
vt 0.998398 0.169615
vt 0.998398 0.144957
vt 0.998398 0.120299
vt 0.998398 0.095641
vt 0.998398 0.070983
vt 0.341552 0.001602
vt 0.338193 0.001602
vt 0.334835 0.001602
vt 0.334835 0.000000
vt 0.338193 0.000000
vt 0.341552 0.000000
vt 0.348269 0.000000
vt 0.354987 0.000000
vt 0.361704 0.000000
vt 0.368421 0.000000
vt 0.375138 0.000000
vt 0.381856 0.000000
vt 0.388573 0.000000
vt 0.395290 0.000000
vt 0.402007 0.000000
vt 0.408724 0.000000
vt 0.415442 0.000000
vt 0.422159 0.000000
vt 0.428876 0.000000
vt 0.435593 0.000000
vt 0.442311 0.000000
vt 0.449028 0.000000
vt 0.455745 0.000000
vt 0.459104 0.000000
vt 0.462462 0.000000
vt 0.462462 0.001602
vt 0.459104 0.001602
vt 0.455745 0.001602
vt 0.449028 0.001602
vt 0.442311 0.001602
vt 0.435593 0.001602
vt 0.428876 0.001602
vt 0.422159 0.001602
vt 0.415442 0.001602
vt 0.408724 0.001602
vt 0.402007 0.001602
vt 0.395290 0.001602
vt 0.388573 0.001602
vt 0.381856 0.001602
vt 0.375138 0.001602
vt 0.368421 0.001602
vt 0.361704 0.001602
vt 0.354987 0.001602
vt 0.348269 0.001602
vt 0.001602 0.958675
vt 0.001602 0.971004
vt 0.001602 0.983333
vt 0.000000 0.983333
vt 0.000000 0.971004
vt 0.000000 0.958675
vt 0.000000 0.934017
vt 0.000000 0.909359
vt 0.000000 0.884701
vt 0.000000 0.860043
vt 0.000000 0.835385
vt 0.000000 0.810726
vt 0.000000 0.786068
vt 0.000000 0.761410
vt 0.000000 0.736752
vt 0.000000 0.712094
vt 0.000000 0.687436
vt 0.000000 0.662778
vt 0.000000 0.638120
vt 0.000000 0.613462
vt 0.000000 0.588803
vt 0.000000 0.564145
vt 0.000000 0.539487
vt 0.000000 0.514829
vt 0.000000 0.490171
vt 0.000000 0.465513
vt 0.000000 0.440855
vt 0.000000 0.416197
vt 0.000000 0.391538
vt 0.000000 0.366880
vt 0.000000 0.342222
vt 0.000000 0.317564
vt 0.000000 0.292906
vt 0.000000 0.268248
vt 0.000000 0.243590
vt 0.000000 0.218932
vt 0.000000 0.194274
vt 0.000000 0.169615
vt 0.000000 0.144957
vt 0.000000 0.120299
vt 0.000000 0.095641
vt 0.000000 0.070983
vt 0.000000 0.046325
vt 0.000000 0.033996
vt 0.000000 0.021667
vt 0.001602 0.021667
vt 0.001602 0.033996
vt 0.001602 0.046325
vt 0.001602 0.070983
vt 0.001602 0.095641
vt 0.001602 0.120299
vt 0.001602 0.144957
vt 0.001602 0.169615
vt 0.001602 0.194274
vt 0.001602 0.218932
vt 0.001602 0.243590
vt 0.001602 0.268248
vt 0.001602 0.292906
vt 0.001602 0.317564
vt 0.001602 0.342222
vt 0.001602 0.366880
vt 0.001602 0.391538
vt 0.001602 0.416197
vt 0.001602 0.440855
vt 0.001602 0.465513
vt 0.001602 0.490171
vt 0.001602 0.514829
vt 0.001602 0.539487
vt 0.001602 0.564145
vt 0.001602 0.588803
vt 0.001602 0.613462
vt 0.001602 0.638120
vt 0.001602 0.662778
vt 0.001602 0.687436
vt 0.001602 0.712094
vt 0.001602 0.736752
vt 0.001602 0.761410
vt 0.001602 0.786068
vt 0.001602 0.810726
vt 0.001602 0.835385
vt 0.001602 0.860043
vt 0.001602 0.884701
vt 0.001602 0.909359
vt 0.001602 0.934017
vt 0.544255 0.001602
vt 0.540896 0.001602
vt 0.537538 0.001602
vt 0.537538 0.000000
vt 0.540896 0.000000
vt 0.544255 0.000000
vt 0.550972 0.000000
vt 0.557689 0.000000
vt 0.564407 0.000000
vt 0.571124 0.000000
vt 0.577841 0.000000
vt 0.584558 0.000000
vt 0.591276 0.000000
vt 0.597993 0.000000
vt 0.604710 0.000000
vt 0.611427 0.000000
vt 0.618144 0.000000
vt 0.624862 0.000000
vt 0.631579 0.000000
vt 0.638296 0.000000
vt 0.645013 0.000000
vt 0.651731 0.000000
vt 0.658448 0.000000
vt 0.661807 0.000000
vt 0.665165 0.000000
vt 0.665165 0.001602
vt 0.661807 0.001602
vt 0.658448 0.001602
vt 0.651731 0.001602
vt 0.645013 0.001602
vt 0.638296 0.001602
vt 0.631579 0.001602
vt 0.624862 0.001602
vt 0.618144 0.001602
vt 0.611427 0.001602
vt 0.604710 0.001602
vt 0.597993 0.001602
vt 0.591276 0.001602
vt 0.584558 0.001602
vt 0.577841 0.001602
vt 0.571124 0.001602
vt 0.564407 0.001602
vt 0.557689 0.001602
vt 0.550972 0.001602
vt 0.998398 0.046325
vt 0.998398 0.033996
vt 0.998398 0.021667
vt 1.000000 0.021667
vt 1.000000 0.033996
vt 1.000000 0.046325
vt 1.000000 0.070983
vt 1.000000 0.095641
vt 1.000000 0.120299
vt 1.000000 0.144957
vt 1.000000 0.169615
vt 1.000000 0.194274
vt 1.000000 0.218932
vt 1.000000 0.243590
vt 1.000000 0.268248
vt 1.000000 0.292906
vt 1.000000 0.317564
vt 1.000000 0.342222
vt 1.000000 0.366880
vt 1.000000 0.391538
vt 1.000000 0.416197
vt 1.000000 0.440855
vt 1.000000 0.465513
vt 1.000000 0.490171
vt 1.000000 0.514829
vt 1.000000 0.539487
vt 1.000000 0.564145
vt 1.000000 0.588803
vt 1.000000 0.613462
vt 1.000000 0.638120
vt 1.000000 0.662778
vt 1.000000 0.687436
vt 1.000000 0.712094
vt 1.000000 0.736752
vt 1.000000 0.761410
vt 1.000000 0.786068
vt 1.000000 0.810726
vt 1.000000 0.835385
vt 1.000000 0.860043
vt 1.000000 0.884701
vt 1.000000 0.909359
vt 1.000000 0.934017
vt 1.000000 0.958675
vt 1.000000 0.971004
vt 1.000000 0.983333
vt 0.998398 0.983333
vt 0.998398 0.971004
vt 0.998398 0.958675
vt 0.998398 0.934017
vt 0.998398 0.909359
vt 0.998398 0.884701
vt 0.998398 0.860043
vt 0.998398 0.835385
vt 0.998398 0.810726
vt 0.998398 0.786068
vt 0.998398 0.761410
vt 0.998398 0.736752
vt 0.998398 0.712094
vt 0.998398 0.687436
vt 0.998398 0.662778
vt 0.998398 0.638120
vt 0.998398 0.613462
vt 0.998398 0.588803
vt 0.998398 0.564145
vt 0.998398 0.539487
vt 0.998398 0.514829
vt 0.998398 0.490171
vt 0.998398 0.465513
vt 0.998398 0.440855
vt 0.998398 0.416197
vt 0.998398 0.391538
vt 0.998398 0.366880
vt 0.998398 0.342222
vt 0.998398 0.317564
vt 0.998398 0.292906
vt 0.998398 0.268248
vt 0.998398 0.243590
vt 0.998398 0.218932
vt 0.998398 0.194274
vt 0.998398 0.169615
vt 0.998398 0.144957
vt 0.998398 0.120299
vt 0.998398 0.095641
vt 0.998398 0.070983
vt 0.204915 0.001602
vt 0.201557 0.001602
vt 0.198198 0.001602
vt 0.198198 0.000000
vt 0.201557 0.000000
vt 0.204915 0.000000
vt 0.211633 0.000000
vt 0.218350 0.000000
vt 0.225067 0.000000
vt 0.231784 0.000000
vt 0.238502 0.000000
vt 0.245219 0.000000
vt 0.251936 0.000000
vt 0.258653 0.000000
vt 0.265371 0.000000
vt 0.272088 0.000000
vt 0.278805 0.000000
vt 0.285522 0.000000
vt 0.292240 0.000000
vt 0.298957 0.000000
vt 0.305674 0.000000
vt 0.312391 0.000000
vt 0.319109 0.000000
vt 0.322467 0.000000
vt 0.325826 0.000000
vt 0.325826 0.001602
vt 0.322467 0.001602
vt 0.319109 0.001602
vt 0.312391 0.001602
vt 0.305674 0.001602
vt 0.298957 0.001602
vt 0.292240 0.001602
vt 0.285522 0.001602
vt 0.278805 0.001602
vt 0.272088 0.001602
vt 0.265371 0.001602
vt 0.258653 0.001602
vt 0.251936 0.001602
vt 0.245219 0.001602
vt 0.238502 0.001602
vt 0.231784 0.001602
vt 0.225067 0.001602
vt 0.218350 0.001602
vt 0.211633 0.001602
vt 0.001602 0.958675
vt 0.001602 0.971004
vt 0.001602 0.983333
vt 0.000000 0.983333
vt 0.000000 0.971004
vt 0.000000 0.958675
vt 0.000000 0.934017
vt 0.000000 0.909359
vt 0.000000 0.884701
vt 0.000000 0.860043
vt 0.000000 0.835385
vt 0.000000 0.810726
vt 0.000000 0.786068
vt 0.000000 0.761410
vt 0.000000 0.736752
vt 0.000000 0.712094
vt 0.000000 0.687436
vt 0.000000 0.662778
vt 0.000000 0.638120
vt 0.000000 0.613462
vt 0.000000 0.588803
vt 0.000000 0.564145
vt 0.000000 0.539487
vt 0.000000 0.514829
vt 0.000000 0.490171
vt 0.000000 0.465513
vt 0.000000 0.440855
vt 0.000000 0.416197
vt 0.000000 0.391538
vt 0.000000 0.366880
vt 0.000000 0.342222
vt 0.000000 0.317564
vt 0.000000 0.292906
vt 0.000000 0.268248
vt 0.000000 0.243590
vt 0.000000 0.218932
vt 0.000000 0.194274
vt 0.000000 0.169615
vt 0.000000 0.144957
vt 0.000000 0.120299
vt 0.000000 0.095641
vt 0.000000 0.070983
vt 0.000000 0.046325
vt 0.000000 0.033996
vt 0.000000 0.021667
vt 0.001602 0.021667
vt 0.001602 0.033996
vt 0.001602 0.046325
vt 0.001602 0.070983
vt 0.001602 0.095641
vt 0.001602 0.120299
vt 0.001602 0.144957
vt 0.001602 0.169615
vt 0.001602 0.194274
vt 0.001602 0.218932
vt 0.001602 0.243590
vt 0.001602 0.268248
vt 0.001602 0.292906
vt 0.001602 0.317564
vt 0.001602 0.342222
vt 0.001602 0.366880
vt 0.001602 0.391538
vt 0.001602 0.416197
vt 0.001602 0.440855
vt 0.001602 0.465513
vt 0.001602 0.490171
vt 0.001602 0.514829
vt 0.001602 0.539487
vt 0.001602 0.564145
vt 0.001602 0.588803
vt 0.001602 0.613462
vt 0.001602 0.638120
vt 0.001602 0.662778
vt 0.001602 0.687436
vt 0.001602 0.712094
vt 0.001602 0.736752
vt 0.001602 0.761410
vt 0.001602 0.786068
vt 0.001602 0.810726
vt 0.001602 0.835385
vt 0.001602 0.860043
vt 0.001602 0.884701
vt 0.001602 0.909359
vt 0.001602 0.934017
vt 0.680891 0.001602
vt 0.677533 0.001602
vt 0.674174 0.001602
vt 0.674174 0.000000
vt 0.677533 0.000000
vt 0.680891 0.000000
vt 0.687609 0.000000
vt 0.694326 0.000000
vt 0.701043 0.000000
vt 0.707760 0.000000
vt 0.714478 0.000000
vt 0.721195 0.000000
vt 0.727912 0.000000
vt 0.734629 0.000000
vt 0.741347 0.000000
vt 0.748064 0.000000
vt 0.754781 0.000000
vt 0.761498 0.000000
vt 0.768216 0.000000
vt 0.774933 0.000000
vt 0.781650 0.000000
vt 0.788367 0.000000
vt 0.795085 0.000000
vt 0.798443 0.000000
vt 0.801802 0.000000
vt 0.801802 0.001602
vt 0.798443 0.001602
vt 0.795085 0.001602
vt 0.788367 0.001602
vt 0.781650 0.001602
vt 0.774933 0.001602
vt 0.768216 0.001602
vt 0.761498 0.001602
vt 0.754781 0.001602
vt 0.748064 0.001602
vt 0.741347 0.001602
vt 0.734629 0.001602
vt 0.727912 0.001602
vt 0.721195 0.001602
vt 0.714478 0.001602
vt 0.707760 0.001602
vt 0.701043 0.001602
vt 0.694326 0.001602
vt 0.687609 0.001602
vt 0.200200 0.001602
vt 0.196947 0.001602
vt 0.193694 0.001602
vt 0.193694 0.000000
vt 0.196947 0.000000
vt 0.200200 0.000000
vt 0.206707 0.000000
vt 0.213213 0.000000
vt 0.219720 0.000000
vt 0.226226 0.000000
vt 0.232733 0.000000
vt 0.239239 0.000000
vt 0.245746 0.000000
vt 0.252252 0.000000
vt 0.258759 0.000000
vt 0.265265 0.000000
vt 0.271772 0.000000
vt 0.278278 0.000000
vt 0.284785 0.000000
vt 0.291291 0.000000
vt 0.297798 0.000000
vt 0.304304 0.000000
vt 0.310811 0.000000
vt 0.317317 0.000000
vt 0.323824 0.000000
vt 0.327077 0.000000
vt 0.330330 0.000000
vt 0.330330 0.001602
vt 0.327077 0.001602
vt 0.323824 0.001602
vt 0.317317 0.001602
vt 0.310811 0.001602
vt 0.304304 0.001602
vt 0.297798 0.001602
vt 0.291291 0.001602
vt 0.284785 0.001602
vt 0.278278 0.001602
vt 0.271772 0.001602
vt 0.265265 0.001602
vt 0.258759 0.001602
vt 0.252252 0.001602
vt 0.245746 0.001602
vt 0.239239 0.001602
vt 0.232733 0.001602
vt 0.226226 0.001602
vt 0.219720 0.001602
vt 0.213213 0.001602
vt 0.206707 0.001602
vt 0.998398 0.029875
vt 0.998398 0.017437
vt 0.998398 0.005000
vt 1.000000 0.005000
vt 1.000000 0.017437
vt 1.000000 0.029875
vt 1.000000 0.054750
vt 1.000000 0.079625
vt 1.000000 0.104500
vt 1.000000 0.129375
vt 1.000000 0.154250
vt 1.000000 0.179125
vt 1.000000 0.204000
vt 1.000000 0.228875
vt 1.000000 0.253750
vt 1.000000 0.278625
vt 1.000000 0.303500
vt 1.000000 0.328375
vt 1.000000 0.353250
vt 1.000000 0.378125
vt 1.000000 0.403000
vt 1.000000 0.427875
vt 1.000000 0.452750
vt 1.000000 0.477625
vt 1.000000 0.502500
vt 1.000000 0.527375
vt 1.000000 0.552250
vt 1.000000 0.577125
vt 1.000000 0.602000
vt 1.000000 0.626875
vt 1.000000 0.651750
vt 1.000000 0.676625
vt 1.000000 0.701500
vt 1.000000 0.726375
vt 1.000000 0.751250
vt 1.000000 0.776125
vt 1.000000 0.801000
vt 1.000000 0.825875
vt 1.000000 0.850750
vt 1.000000 0.875625
vt 1.000000 0.900500
vt 1.000000 0.925375
vt 1.000000 0.950250
vt 1.000000 0.975125
vt 1.000000 0.987562
vt 1.000000 1.000000
vt 0.998398 1.000000
vt 0.998398 0.987562
vt 0.998398 0.975125
vt 0.998398 0.950250
vt 0.998398 0.925375
vt 0.998398 0.900500
vt 0.998398 0.875625
vt 0.998398 0.850750
vt 0.998398 0.825875
vt 0.998398 0.801000
vt 0.998398 0.776125
vt 0.998398 0.751250
vt 0.998398 0.726375
vt 0.998398 0.701500
vt 0.998398 0.676625
vt 0.998398 0.651750
vt 0.998398 0.626875
vt 0.998398 0.602000
vt 0.998398 0.577125
vt 0.998398 0.552250
vt 0.998398 0.527375
vt 0.998398 0.502500
vt 0.998398 0.477625
vt 0.998398 0.452750
vt 0.998398 0.427875
vt 0.998398 0.403000
vt 0.998398 0.378125
vt 0.998398 0.353250
vt 0.998398 0.328375
vt 0.998398 0.303500
vt 0.998398 0.278625
vt 0.998398 0.253750
vt 0.998398 0.228875
vt 0.998398 0.204000
vt 0.998398 0.179125
vt 0.998398 0.154250
vt 0.998398 0.129375
vt 0.998398 0.104500
vt 0.998398 0.079625
vt 0.998398 0.054750
vt 0.676176 0.001602
vt 0.672923 0.001602
vt 0.669670 0.001602
vt 0.669670 0.000000
vt 0.672923 0.000000
vt 0.676176 0.000000
vt 0.682683 0.000000
vt 0.689189 0.000000
vt 0.695696 0.000000
vt 0.702202 0.000000
vt 0.708709 0.000000
vt 0.715215 0.000000
vt 0.721722 0.000000
vt 0.728228 0.000000
vt 0.734735 0.000000
vt 0.741241 0.000000
vt 0.747748 0.000000
vt 0.754254 0.000000
vt 0.760761 0.000000
vt 0.767267 0.000000
vt 0.773774 0.000000
vt 0.780280 0.000000
vt 0.786787 0.000000
vt 0.793293 0.000000
vt 0.799800 0.000000
vt 0.803053 0.000000
vt 0.806306 0.000000
vt 0.806306 0.001602
vt 0.803053 0.001602
vt 0.799800 0.001602
vt 0.793293 0.001602
vt 0.786787 0.001602
vt 0.780280 0.001602
vt 0.773774 0.001602
vt 0.767267 0.001602
vt 0.760761 0.001602
vt 0.754254 0.001602
vt 0.747748 0.001602
vt 0.741241 0.001602
vt 0.734735 0.001602
vt 0.728228 0.001602
vt 0.721722 0.001602
vt 0.715215 0.001602
vt 0.708709 0.001602
vt 0.702202 0.001602
vt 0.695696 0.001602
vt 0.689189 0.001602
vt 0.682683 0.001602
vt 0.001602 0.975125
vt 0.001602 0.987562
vt 0.001602 1.000000
vt 0.000000 1.000000
vt 0.000000 0.987562
vt 0.000000 0.975125
vt 0.000000 0.950250
vt 0.000000 0.925375
vt 0.000000 0.900500
vt 0.000000 0.875625
vt 0.000000 0.850750
vt 0.000000 0.825875
vt 0.000000 0.801000
vt 0.000000 0.776125
vt 0.000000 0.751250
vt 0.000000 0.726375
vt 0.000000 0.701500
vt 0.000000 0.676625
vt 0.000000 0.651750
vt 0.000000 0.626875
vt 0.000000 0.602000
vt 0.000000 0.577125
vt 0.000000 0.552250
vt 0.000000 0.527375
vt 0.000000 0.502500
vt 0.000000 0.477625
vt 0.000000 0.452750
vt 0.000000 0.427875
vt 0.000000 0.403000
vt 0.000000 0.378125
vt 0.000000 0.353250
vt 0.000000 0.328375
vt 0.000000 0.303500
vt 0.000000 0.278625
vt 0.000000 0.253750
vt 0.000000 0.228875
vt 0.000000 0.204000
vt 0.000000 0.179125
vt 0.000000 0.154250
vt 0.000000 0.129375
vt 0.000000 0.104500
vt 0.000000 0.079625
vt 0.000000 0.054750
vt 0.000000 0.029875
vt 0.000000 0.017437
vt 0.000000 0.005000
vt 0.001602 0.005000
vt 0.001602 0.017437
vt 0.001602 0.029875
vt 0.001602 0.054750
vt 0.001602 0.079625
vt 0.001602 0.104500
vt 0.001602 0.129375
vt 0.001602 0.154250
vt 0.001602 0.179125
vt 0.001602 0.204000
vt 0.001602 0.228875
vt 0.001602 0.253750
vt 0.001602 0.278625
vt 0.001602 0.303500
vt 0.001602 0.328375
vt 0.001602 0.353250
vt 0.001602 0.378125
vt 0.001602 0.403000
vt 0.001602 0.427875
vt 0.001602 0.452750
vt 0.001602 0.477625
vt 0.001602 0.502500
vt 0.001602 0.527375
vt 0.001602 0.552250
vt 0.001602 0.577125
vt 0.001602 0.602000
vt 0.001602 0.626875
vt 0.001602 0.651750
vt 0.001602 0.676625
vt 0.001602 0.701500
vt 0.001602 0.726375
vt 0.001602 0.751250
vt 0.001602 0.776125
vt 0.001602 0.801000
vt 0.001602 0.825875
vt 0.001602 0.850750
vt 0.001602 0.875625
vt 0.001602 0.900500
vt 0.001602 0.925375
vt 0.001602 0.950250
vt 0.471471 0.021667
vt 0.471471 0.117833
vt 0.466967 0.147143
vt 0.466967 0.005000
vt 0.486486 0.005000
vt 0.496997 0.021667
vt 0.466967 0.289286
vt 0.471471 0.214000
vt 0.471471 0.310167
vt 0.466967 0.431429
vt 0.471471 0.406333
vt 0.506006 0.005000
vt 0.525526 0.005000
vt 0.522523 0.021667
vt 0.471471 0.502500
vt 0.471471 0.598667
vt 0.466967 0.573571
vt 0.466967 0.715714
vt 0.471471 0.694833
vt 0.471471 0.791000
vt 0.466967 0.857857
vt 0.466967 1.000000
vt 0.471471 0.887167
vt 0.471471 0.983333
vt 0.496997 0.983333
vt 0.486486 1.000000
vt 0.506006 1.000000
vt 0.525526 1.000000
vt 0.522523 0.983333
vt 0.548048 0.983333
vt 0.545045 1.000000
vt 0.548048 0.021667
vt 0.545045 0.005000
vt 0.564565 0.005000
vt 0.573574 0.021667
vt 0.584084 0.005000
vt 0.599099 0.021667
vt 0.599099 0.117833
vt 0.603604 0.005000
vt 0.603604 0.147143
vt 0.599099 0.214000
vt 0.603604 0.289286
vt 0.599099 0.310167
vt 0.599099 0.406333
vt 0.603604 0.431429
vt 0.599099 0.502500
vt 0.603604 0.573571
vt 0.599099 0.598667
vt 0.564565 1.000000
vt 0.573574 0.983333
vt 0.584084 1.000000
vt 0.603604 0.715714
vt 0.599099 0.791000
vt 0.599099 0.694833
vt 0.603604 0.857857
vt 0.599099 0.983333
vt 0.603604 1.000000
vt 0.599099 0.887167
vt 0.334835 0.021667
vt 0.334835 0.117833
vt 0.330330 0.147143
vt 0.330330 0.005000
vt 0.349850 0.005000
vt 0.360360 0.021667
vt 0.330330 0.289286
vt 0.334835 0.214000
vt 0.334835 0.310167
vt 0.334835 0.502500
vt 0.330330 0.431429
vt 0.334835 0.406333
vt 0.369369 0.005000
vt 0.385886 0.021667
vt 0.388889 0.005000
vt 0.334835 0.598667
vt 0.330330 0.715714
vt 0.330330 0.573571
vt 0.334835 0.791000
vt 0.330330 0.857857
vt 0.330330 1.000000
vt 0.334835 0.887167
vt 0.334835 0.983333
vt 0.349850 1.000000
vt 0.334835 0.694833
vt 0.360360 0.983333
vt 0.369369 1.000000
vt 0.388889 1.000000
vt 0.385886 0.983333
vt 0.411411 0.983333
vt 0.408408 1.000000
vt 0.411411 0.021667
vt 0.408408 0.005000
vt 0.427928 0.005000
vt 0.436937 0.021667
vt 0.447447 0.005000
vt 0.462462 0.021667
vt 0.466967 0.005000
vt 0.462462 0.117833
vt 0.466967 0.147143
vt 0.462462 0.214000
vt 0.466967 0.289286
vt 0.462462 0.310167
vt 0.462462 0.406333
vt 0.466967 0.431429
vt 0.462462 0.502500
vt 0.466967 0.573571
vt 0.462462 0.598667
vt 0.427928 1.000000
vt 0.436937 0.983333
vt 0.447447 1.000000
vt 0.466967 0.715714
vt 0.462462 0.791000
vt 0.462462 0.694833
vt 0.466967 0.857857
vt 0.462462 0.983333
vt 0.466967 1.000000
vt 0.462462 0.887167
vt 0.198198 0.021667
vt 0.198198 0.117833
vt 0.193694 0.147143
vt 0.193694 0.005000
vt 0.213213 0.005000
vt 0.223724 0.021667
vt 0.193694 0.289286
vt 0.198198 0.214000
vt 0.198198 0.310167
vt 0.193694 0.431429
vt 0.198198 0.406333
vt 0.232733 0.005000
vt 0.249249 0.021667
vt 0.252252 0.005000
vt 0.198198 0.502500
vt 0.198198 0.598667
vt 0.193694 0.573571
vt 0.193694 0.715714
vt 0.198198 0.694833
vt 0.193694 0.857857
vt 0.198198 0.791000
vt 0.193694 1.000000
vt 0.198198 0.887167
vt 0.198198 0.983333
vt 0.223724 0.983333
vt 0.213213 1.000000
vt 0.232733 1.000000
vt 0.252252 1.000000
vt 0.249249 0.983333
vt 0.274775 0.983333
vt 0.271772 1.000000
vt 0.271772 0.005000
vt 0.291291 0.005000
vt 0.300300 0.021667
vt 0.274775 0.021667
vt 0.310811 0.005000
vt 0.325826 0.021667
vt 0.330330 0.005000
vt 0.325826 0.117833
vt 0.325826 0.214000
vt 0.330330 0.147143
vt 0.330330 0.289286
vt 0.325826 0.406333
vt 0.325826 0.310167
vt 0.330330 0.431429
vt 0.325826 0.502500
vt 0.330330 0.573571
vt 0.325826 0.598667
vt 0.291291 1.000000
vt 0.300300 0.983333
vt 0.310811 1.000000
vt 0.330330 0.715714
vt 0.325826 0.791000
vt 0.325826 0.694833
vt 0.330330 0.857857
vt 0.325826 0.983333
vt 0.330330 1.000000
vt 0.325826 0.887167
vn 0.0000 1.0000 -0.0000
vn -0.0000 0.0000 -1.0000
vn 0.0000 -1.0000 0.0000
vn 0.0000 0.0000 1.0000
vn -1.0000 0.0000 0.0000
vn 1.0000 -0.0000 0.0000
g Frame2_object_52_Frame
usemtl Frame
s 1
f 327/346/9 328/347/9 329/348/9 330/349/9 331/350/9 332/351/9 333/352/9 334/353/9 335/354/9 336/355/9 337/356/9 338/357/9 339/358/9 340/359/9 341/360/9 342/361/9 343/362/9 344/363/9 345/364/9 346/365/9 347/366/9 348/367/9 349/368/9 350/369/9 351/370/9 352/371/9 353/372/9 354/373/9 355/374/9 356/375/9 357/376/9 358/377/9 359/378/9 360/379/9 361/380/9 362/381/9 363/382/9 364/383/9 365/384/9 366/385/9 367/386/9 368/387/9
f 369/388/10 370/389/10 371/390/10 372/391/10 373/392/10 374/393/10 375/394/10 376/395/10 377/396/10 378/397/10 379/398/10 380/399/10 381/400/10 382/401/10 383/402/10 384/403/10 385/404/10 386/405/10 387/406/10 388/407/10 389/408/10 390/409/10 391/410/10 392/411/10 393/412/10 394/413/10 395/414/10 396/415/10 397/416/10 398/417/10 399/418/10 400/419/10 401/420/10 402/421/10 403/422/10 404/423/10 405/424/10 406/425/10 407/426/10 408/427/10 409/428/10 410/429/10 411/430/10 412/431/10 413/432/10 330/433/10 329/434/10 414/435/10 415/436/10 416/437/10 417/438/10 418/439/10 419/440/10 420/441/10 421/442/10 422/443/10 423/444/10 424/445/10 425/446/10 426/447/10 427/448/10 428/449/10 429/450/10 430/451/10 431/452/10 432/453/10 433/454/10 434/455/10 435/456/10 436/457/10 437/458/10 438/459/10 439/460/10 440/461/10 441/462/10 442/463/10 443/464/10 444/465/10 445/466/10 446/467/10 447/468/10 448/469/10 449/470/10 450/471/10 451/472/10 452/473/10
f 453/474/11 454/475/11 455/476/11 456/477/11 457/478/11 458/479/11 459/480/11 460/481/11 461/482/11 462/483/11 463/484/11 464/485/11 465/486/11 466/487/11 467/488/11 468/489/11 469/490/11 470/491/11 471/492/11 472/493/11 473/494/11 474/495/11 475/496/11 372/497/11 371/498/11 476/499/11 477/500/11 478/501/11 479/502/11 480/503/11 481/504/11 482/505/11 483/506/11 484/507/11 485/508/11 486/509/11 487/510/11 488/511/11 489/512/11 490/513/11 491/514/11 492/515/11
f 493/516/12 494/517/12 351/518/12 350/519/12 495/520/12 496/521/12 497/522/12 498/523/12 499/524/12 500/525/12 501/526/12 502/527/12 503/528/12 504/529/12 505/530/12 506/531/12 507/532/12 508/533/12 509/534/12 510/535/12 511/536/12 512/537/12 513/538/12 514/539/12 515/540/12 516/541/12 517/542/12 518/543/12 519/544/12 520/545/12 521/546/12 522/547/12 523/548/12 524/549/12 525/550/12 526/551/12 527/552/12 528/553/12 529/554/12 530/555/12 531/556/12 532/557/12 533/558/12 534/559/12 535/560/12 456/561/12 455/562/12 536/563/12 537/564/12 538/565/12 539/566/12 540/567/12 541/568/12 542/569/12 543/570/12 544/571/12 545/572/12 546/573/12 547/574/12 548/575/12 549/576/12 550/577/12 551/578/12 552/579/12 553/580/12 554/581/12 555/582/12 556/583/12 557/584/12 558/585/12 559/586/12 560/587/12 561/588/12 562/589/12 563/590/12 564/591/12 565/592/12 566/593/12 567/594/12 568/595/12 569/596/12 570/597/12 571/598/12 572/599/12 573/600/12 574/601/12
f 575/602/10 576/603/10 577/604/10 578/605/10 579/606/10 580/607/10 581/608/10 582/609/10 583/610/10 584/611/10 585/612/10 586/613/10 587/614/10 588/615/10 589/616/10 590/617/10 591/618/10 592/619/10 593/620/10 594/621/10 595/622/10 596/623/10 597/624/10 598/625/10 599/626/10 600/627/10 601/628/10 602/629/10 603/630/10 604/631/10 605/632/10 606/633/10 607/634/10 608/635/10 609/636/10 610/637/10 611/638/10 612/639/10 613/640/10 614/641/10 615/642/10 616/643/10 617/644/10 618/645/10 619/646/10 620/647/10 621/648/10 622/649/10 623/650/10 624/651/10 625/652/10 626/653/10 627/654/10 628/655/10 629/656/10 630/657/10 631/658/10 632/659/10 633/660/10 634/661/10 635/662/10 636/663/10 637/664/10 638/665/10 639/666/10 640/667/10 641/668/10 642/669/10 643/670/10 644/671/10 645/672/10 646/673/10 647/674/10 648/675/10 649/676/10 650/677/10 651/678/10 652/679/10 653/680/10 654/681/10 655/682/10 656/683/10 657/684/10 658/685/10
f 659/686/9 660/687/9 661/688/9 662/689/9 663/690/9 664/691/9 665/692/9 666/693/9 667/694/9 668/695/9 669/696/9 670/697/9 671/698/9 672/699/9 673/700/9 674/701/9 675/702/9 676/703/9 677/704/9 678/705/9 679/706/9 680/707/9 578/708/9 577/709/9 681/710/9 682/711/9 683/712/9 684/713/9 685/714/9 686/715/9 687/716/9 688/717/9 689/718/9 690/719/9 691/720/9 692/721/9 693/722/9 694/723/9 695/724/9 696/725/9
f 697/726/12 698/727/12 699/728/12 700/729/12 701/730/12 702/731/12 703/732/12 704/733/12 705/734/12 706/735/12 707/736/12 708/737/12 709/738/12 710/739/12 711/740/12 712/741/12 713/742/12 714/743/12 715/744/12 716/745/12 717/746/12 718/747/12 719/748/12 720/749/12 721/750/12 722/751/12 723/752/12 724/753/12 725/754/12 726/755/12 727/756/12 728/757/12 729/758/12 730/759/12 731/760/12 732/761/12 733/762/12 734/763/12 735/764/12 736/765/12 737/766/12 738/767/12 739/768/12 740/769/12 662/770/12 661/771/12 741/772/12 742/773/12 743/774/12 744/775/12 745/776/12 746/777/12 747/778/12 748/779/12 749/780/12 750/781/12 751/782/12 752/783/12 753/784/12 754/785/12 755/786/12 756/787/12 757/788/12 758/789/12 759/790/12 760/791/12 761/792/12 762/793/12 763/794/12 764/795/12 765/796/12 766/797/12 767/798/12 768/799/12 769/800/12 770/801/12 771/802/12 772/803/12 773/804/12 774/805/12 775/806/12 776/807/12 777/808/12 778/809/12
f 779/810/11 780/811/11 620/812/11 619/813/11 781/814/11 782/815/11 783/816/11 784/817/11 785/818/11 786/819/11 787/820/11 788/821/11 789/822/11 790/823/11 791/824/11 792/825/11 793/826/11 794/827/11 795/828/11 796/829/11 797/830/11 798/831/11 700/832/11 699/833/11 799/834/11 800/835/11 801/836/11 802/837/11 803/838/11 804/839/11 805/840/11 806/841/11 807/842/11 808/843/11 809/844/11 810/845/11 811/846/11 812/847/11 813/848/11 814/849/11
f 815/850/10 816/851/10 817/852/10 818/853/10 819/854/10 820/855/10 821/856/10 822/857/10 823/858/10 824/859/10 825/860/10 826/861/10 827/862/10 828/863/10 829/864/10 830/865/10 831/866/10 832/867/10 833/868/10 834/869/10 835/870/10 836/871/10 837/872/10 838/873/10 839/874/10 840/875/10 841/876/10 842/877/10 843/878/10 844/879/10 845/880/10 846/881/10 847/882/10 848/883/10 849/884/10 850/885/10 851/886/10 852/887/10 853/888/10 854/889/10 855/890/10 856/891/10 857/892/10 858/893/10 859/894/10 860/895/10 861/896/10 862/897/10 863/898/10 864/899/10 865/900/10 866/901/10 867/902/10 868/903/10 869/904/10 870/905/10 871/906/10 872/907/10 873/908/10 874/909/10 875/910/10 876/911/10 877/912/10 878/913/10 879/914/10 880/915/10 881/916/10 882/917/10 883/918/10 884/919/10 885/920/10 886/921/10 887/922/10 888/923/10 889/924/10 890/925/10 891/926/10 892/927/10 893/928/10 894/929/10 895/930/10 896/931/10 897/932/10 898/933/10
f 899/934/9 900/935/9 901/936/9 902/937/9 903/938/9 904/939/9 905/940/9 906/941/9 907/942/9 908/943/9 909/944/9 910/945/9 911/946/9 912/947/9 913/948/9 914/949/9 915/950/9 916/951/9 917/952/9 918/953/9 919/954/9 920/955/9 818/956/9 817/957/9 921/958/9 922/959/9 923/960/9 924/961/9 925/962/9 926/963/9 927/964/9 928/965/9 929/966/9 930/967/9 931/968/9 932/969/9 933/970/9 934/971/9 935/972/9 936/973/9
f 937/974/12 938/975/12 939/976/12 940/977/12 941/978/12 942/979/12 943/980/12 944/981/12 945/982/12 946/983/12 947/984/12 948/985/12 949/986/12 950/987/12 951/988/12 952/989/12 953/990/12 954/991/12 955/992/12 956/993/12 957/994/12 958/995/12 959/996/12 960/997/12 961/998/12 962/999/12 963/1000/12 964/1001/12 965/1002/12 966/1003/12 967/1004/12 968/1005/12 969/1006/12 970/1007/12 971/1008/12 972/1009/12 973/1010/12 974/1011/12 975/1012/12 976/1013/12 977/1014/12 978/1015/12 979/1016/12 980/1017/12 902/1018/12 901/1019/12 981/1020/12 982/1021/12 983/1022/12 984/1023/12 985/1024/12 986/1025/12 987/1026/12 988/1027/12 989/1028/12 990/1029/12 991/1030/12 992/1031/12 993/1032/12 994/1033/12 995/1034/12 996/1035/12 997/1036/12 998/1037/12 999/1038/12 1000/1039/12 1001/1040/12 1002/1041/12 1003/1042/12 1004/1043/12 1005/1044/12 1006/1045/12 1007/1046/12 1008/1047/12 1009/1048/12 1010/1049/12 1011/1050/12 1012/1051/12 1013/1052/12 1014/1053/12 1015/1054/12 1016/1055/12 1017/1056/12 1018/1057/12
f 1019/1058/11 1020/1059/11 860/1060/11 859/1061/11 1021/1062/11 1022/1063/11 1023/1064/11 1024/1065/11 1025/1066/11 1026/1067/11 1027/1068/11 1028/1069/11 1029/1070/11 1030/1071/11 1031/1072/11 1032/1073/11 1033/1074/11 1034/1075/11 1035/1076/11 1036/1077/11 1037/1078/11 1038/1079/11 940/1080/11 939/1081/11 1039/1082/11 1040/1083/11 1041/1084/11 1042/1085/11 1043/1086/11 1044/1087/11 1045/1088/11 1046/1089/11 1047/1090/11 1048/1091/11 1049/1092/11 1050/1093/11 1051/1094/11 1052/1095/11 1053/1096/11 1054/1097/11
f 1055/1098/9 1056/1099/9 1057/1100/9 1058/1101/9 1059/1102/9 1060/1103/9 1061/1104/9 1062/1105/9 1063/1106/9 1064/1107/9 1065/1108/9 1066/1109/9 1067/1110/9 1068/1111/9 1069/1112/9 1070/1113/9 1071/1114/9 1072/1115/9 1073/1116/9 1074/1117/9 1075/1118/9 1076/1119/9 1077/1120/9 1078/1121/9 1079/1122/9 1080/1123/9 1081/1124/9 1082/1125/9 1083/1126/9 1084/1127/9 1085/1128/9 1086/1129/9 1087/1130/9 1088/1131/9 1089/1132/9 1090/1133/9 1091/1134/9 1092/1135/9 1093/1136/9 1094/1137/9 1095/1138/9 1096/1139/9
f 1097/1140/10 1098/1141/10 1099/1142/10 1100/1143/10 1101/1144/10 1102/1145/10 1103/1146/10 1104/1147/10 1105/1148/10 1106/1149/10 1107/1150/10 1108/1151/10 1109/1152/10 1110/1153/10 1111/1154/10 1112/1155/10 1113/1156/10 1114/1157/10 1115/1158/10 1116/1159/10 1117/1160/10 1118/1161/10 1119/1162/10 1120/1163/10 1121/1164/10 1122/1165/10 1123/1166/10 1124/1167/10 1125/1168/10 1126/1169/10 1127/1170/10 1128/1171/10 1129/1172/10 1130/1173/10 1131/1174/10 1132/1175/10 1133/1176/10 1134/1177/10 1135/1178/10 1136/1179/10 1137/1180/10 1138/1181/10 1139/1182/10 1140/1183/10 1141/1184/10 1058/1185/10 1057/1186/10 1142/1187/10 1143/1188/10 1144/1189/10 1145/1190/10 1146/1191/10 1147/1192/10 1148/1193/10 1149/1194/10 1150/1195/10 1151/1196/10 1152/1197/10 1153/1198/10 1154/1199/10 1155/1200/10 1156/1201/10 1157/1202/10 1158/1203/10 1159/1204/10 1160/1205/10 1161/1206/10 1162/1207/10 1163/1208/10 1164/1209/10 1165/1210/10 1166/1211/10 1167/1212/10 1168/1213/10 1169/1214/10 1170/1215/10 1171/1216/10 1172/1217/10 1173/1218/10 1174/1219/10 1175/1220/10 1176/1221/10 1177/1222/10 1178/1223/10 1179/1224/10 1180/1225/10
f 1181/1226/11 1182/1227/11 1183/1228/11 1184/1229/11 1185/1230/11 1186/1231/11 1187/1232/11 1188/1233/11 1189/1234/11 1190/1235/11 1191/1236/11 1192/1237/11 1193/1238/11 1194/1239/11 1195/1240/11 1196/1241/11 1197/1242/11 1198/1243/11 1199/1244/11 1200/1245/11 1201/1246/11 1202/1247/11 1203/1248/11 1100/1249/11 1099/1250/11 1204/1251/11 1205/1252/11 1206/1253/11 1207/1254/11 1208/1255/11 1209/1256/11 1210/1257/11 1211/1258/11 1212/1259/11 1213/1260/11 1214/1261/11 1215/1262/11 1216/1263/11 1217/1264/11 1218/1265/11 1219/1266/11 1220/1267/11
f 1221/1268/12 1222/1269/12 1079/1270/12 1078/1271/12 1223/1272/12 1224/1273/12 1225/1274/12 1226/1275/12 1227/1276/12 1228/1277/12 1229/1278/12 1230/1279/12 1231/1280/12 1232/1281/12 1233/1282/12 1234/1283/12 1235/1284/12 1236/1285/12 1237/1286/12 1238/1287/12 1239/1288/12 1240/1289/12 1241/1290/12 1242/1291/12 1243/1292/12 1244/1293/12 1245/1294/12 1246/1295/12 1247/1296/12 1248/1297/12 1249/1298/12 1250/1299/12 1251/1300/12 1252/1301/12 1253/1302/12 1254/1303/12 1255/1304/12 1256/1305/12 1257/1306/12 1258/1307/12 1259/1308/12 1260/1309/12 1261/1310/12 1262/1311/12 1263/1312/12 1184/1313/12 1183/1314/12 1264/1315/12 1265/1316/12 1266/1317/12 1267/1318/12 1268/1319/12 1269/1320/12 1270/1321/12 1271/1322/12 1272/1323/12 1273/1324/12 1274/1325/12 1275/1326/12 1276/1327/12 1277/1328/12 1278/1329/12 1279/1330/12 1280/1331/12 1281/1332/12 1282/1333/12 1283/1334/12 1284/1335/12 1285/1336/12 1286/1337/12 1287/1338/12 1288/1339/12 1289/1340/12 1290/1341/12 1291/1342/12 1292/1343/12 1293/1344/12 1294/1345/12 1295/1346/12 1296/1347/12 1297/1348/12 1298/1349/12 1299/1350/12 1300/1351/12 1301/1352/12 1302/1353/12
f 1303/1354/10 1304/1355/10 1305/1356/10 1306/1357/10 1307/1358/10 1308/1359/10 1309/1360/10 1310/1361/10 1311/1362/10 1312/1363/10 1313/1364/10 1314/1365/10 1315/1366/10 1316/1367/10 1317/1368/10 1318/1369/10 1319/1370/10 1320/1371/10 1321/1372/10 1322/1373/10 1323/1374/10 1324/1375/10 1325/1376/10 1326/1377/10 1327/1378/10 1328/1379/10 1329/1380/10 1330/1381/10 1331/1382/10 1332/1383/10 1333/1384/10 1334/1385/10 1335/1386/10 1336/1387/10 1337/1388/10 1338/1389/10 1339/1390/10 1340/1391/10 1341/1392/10 1342/1393/10 1343/1394/10 1344/1395/10 1345/1396/10 1346/1397/10 1347/1398/10 1348/1399/10 1349/1400/10 1350/1401/10 1351/1402/10 1352/1403/10 1353/1404/10 1354/1405/10 1355/1406/10 1356/1407/10 1357/1408/10 1358/1409/10 1359/1410/10 1360/1411/10 1361/1412/10 1362/1413/10 1363/1414/10 1364/1415/10 1365/1416/10 1366/1417/10 1367/1418/10 1368/1419/10 1369/1420/10 1370/1421/10 1371/1422/10 1372/1423/10 1373/1424/10 1374/1425/10 1375/1426/10 1376/1427/10 1377/1428/10 1378/1429/10 1379/1430/10 1380/1431/10 1381/1432/10 1382/1433/10 1383/1434/10 1384/1435/10 1385/1436/10 1386/1437/10
f 1387/1438/9 1388/1439/9 1389/1440/9 1390/1441/9 1391/1442/9 1392/1443/9 1393/1444/9 1394/1445/9 1395/1446/9 1396/1447/9 1397/1448/9 1398/1449/9 1399/1450/9 1400/1451/9 1401/1452/9 1402/1453/9 1403/1454/9 1404/1455/9 1405/1456/9 1406/1457/9 1407/1458/9 1408/1459/9 1306/1460/9 1305/1461/9 1409/1462/9 1410/1463/9 1411/1464/9 1412/1465/9 1413/1466/9 1414/1467/9 1415/1468/9 1416/1469/9 1417/1470/9 1418/1471/9 1419/1472/9 1420/1473/9 1421/1474/9 1422/1475/9 1423/1476/9 1424/1477/9
f 1425/1478/12 1426/1479/12 1427/1480/12 1428/1481/12 1429/1482/12 1430/1483/12 1431/1484/12 1432/1485/12 1433/1486/12 1434/1487/12 1435/1488/12 1436/1489/12 1437/1490/12 1438/1491/12 1439/1492/12 1440/1493/12 1441/1494/12 1442/1495/12 1443/1496/12 1444/1497/12 1445/1498/12 1446/1499/12 1447/1500/12 1448/1501/12 1449/1502/12 1450/1503/12 1451/1504/12 1452/1505/12 1453/1506/12 1454/1507/12 1455/1508/12 1456/1509/12 1457/1510/12 1458/1511/12 1459/1512/12 1460/1513/12 1461/1514/12 1462/1515/12 1463/1516/12 1464/1517/12 1465/1518/12 1466/1519/12 1467/1520/12 1468/1521/12 1390/1522/12 1389/1523/12 1469/1524/12 1470/1525/12 1471/1526/12 1472/1527/12 1473/1528/12 1474/1529/12 1475/1530/12 1476/1531/12 1477/1532/12 1478/1533/12 1479/1534/12 1480/1535/12 1481/1536/12 1482/1537/12 1483/1538/12 1484/1539/12 1485/1540/12 1486/1541/12 1487/1542/12 1488/1543/12 1489/1544/12 1490/1545/12 1491/1546/12 1492/1547/12 1493/1548/12 1494/1549/12 1495/1550/12 1496/1551/12 1497/1552/12 1498/1553/12 1499/1554/12 1500/1555/12 1501/1556/12 1502/1557/12 1503/1558/12 1504/1559/12 1505/1560/12 1506/1561/12
f 1507/1562/11 1508/1563/11 1348/1564/11 1347/1565/11 1509/1566/11 1510/1567/11 1511/1568/11 1512/1569/11 1513/1570/11 1514/1571/11 1515/1572/11 1516/1573/11 1517/1574/11 1518/1575/11 1519/1576/11 1520/1577/11 1521/1578/11 1522/1579/11 1523/1580/11 1524/1581/11 1525/1582/11 1526/1583/11 1428/1584/11 1427/1585/11 1527/1586/11 1528/1587/11 1529/1588/11 1530/1589/11 1531/1590/11 1532/1591/11 1533/1592/11 1534/1593/11 1535/1594/11 1536/1595/11 1537/1596/11 1538/1597/11 1539/1598/11 1540/1599/11 1541/1600/11 1542/1601/11
f 1543/1602/9 1544/1603/9 1545/1604/9 1546/1605/9 1547/1606/9 1548/1607/9 1549/1608/9 1550/1609/9 1551/1610/9 1552/1611/9 1553/1612/9 1554/1613/9 1555/1614/9 1556/1615/9 1557/1616/9 1558/1617/9 1559/1618/9 1560/1619/9 1561/1620/9 1562/1621/9 1563/1622/9 1564/1623/9 1565/1624/9 1566/1625/9 1567/1626/9 1568/1627/9 1569/1628/9 1570/1629/9 1571/1630/9 1572/1631/9 1573/1632/9 1574/1633/9 1575/1634/9 1576/1635/9 1577/1636/9 1578/1637/9 1579/1638/9 1580/1639/9 1581/1640/9 1582/1641/9 1583/1642/9 1584/1643/9
f 1585/1644/10 1586/1645/10 1587/1646/10 1588/1647/10 1589/1648/10 1590/1649/10 1591/1650/10 1592/1651/10 1593/1652/10 1594/1653/10 1595/1654/10 1596/1655/10 1597/1656/10 1598/1657/10 1599/1658/10 1600/1659/10 1601/1660/10 1602/1661/10 1603/1662/10 1604/1663/10 1605/1664/10 1606/1665/10 1607/1666/10 1608/1667/10 1609/1668/10 1610/1669/10 1611/1670/10 1612/1671/10 1613/1672/10 1614/1673/10 1615/1674/10 1616/1675/10 1617/1676/10 1618/1677/10 1619/1678/10 1620/1679/10 1621/1680/10 1622/1681/10 1623/1682/10 1624/1683/10 1625/1684/10 1626/1685/10 1627/1686/10 1628/1687/10 1629/1688/10 1546/1689/10 1545/1690/10 1630/1691/10 1631/1692/10 1632/1693/10 1633/1694/10 1634/1695/10 1635/1696/10 1636/1697/10 1637/1698/10 1638/1699/10 1639/1700/10 1640/1701/10 1641/1702/10 1642/1703/10 1643/1704/10 1644/1705/10 1645/1706/10 1646/1707/10 1647/1708/10 1648/1709/10 1649/1710/10 1650/1711/10 1651/1712/10 1652/1713/10 1653/1714/10 1654/1715/10 1655/1716/10 1656/1717/10 1657/1718/10 1658/1719/10 1659/1720/10 1660/1721/10 1661/1722/10 1662/1723/10 1663/1724/10 1664/1725/10 1665/1726/10 1666/1727/10 1667/1728/10 1668/1729/10
f 1669/1730/11 1670/1731/11 1671/1732/11 1672/1733/11 1673/1734/11 1674/1735/11 1675/1736/11 1676/1737/11 1677/1738/11 1678/1739/11 1679/1740/11 1680/1741/11 1681/1742/11 1682/1743/11 1683/1744/11 1684/1745/11 1685/1746/11 1686/1747/11 1687/1748/11 1688/1749/11 1689/1750/11 1690/1751/11 1691/1752/11 1588/1753/11 1587/1754/11 1692/1755/11 1693/1756/11 1694/1757/11 1695/1758/11 1696/1759/11 1697/1760/11 1698/1761/11 1699/1762/11 1700/1763/11 1701/1764/11 1702/1765/11 1703/1766/11 1704/1767/11 1705/1768/11 1706/1769/11 1707/1770/11 1708/1771/11
f 1709/1772/12 1710/1773/12 1567/1774/12 1566/1775/12 1711/1776/12 1712/1777/12 1713/1778/12 1714/1779/12 1715/1780/12 1716/1781/12 1717/1782/12 1718/1783/12 1719/1784/12 1720/1785/12 1721/1786/12 1722/1787/12 1723/1788/12 1724/1789/12 1725/1790/12 1726/1791/12 1727/1792/12 1728/1793/12 1729/1794/12 1730/1795/12 1731/1796/12 1732/1797/12 1733/1798/12 1734/1799/12 1735/1800/12 1736/1801/12 1737/1802/12 1738/1803/12 1739/1804/12 1740/1805/12 1741/1806/12 1742/1807/12 1743/1808/12 1744/1809/12 1745/1810/12 1746/1811/12 1747/1812/12 1748/1813/12 1749/1814/12 1750/1815/12 1751/1816/12 1672/1817/12 1671/1818/12 1752/1819/12 1753/1820/12 1754/1821/12 1755/1822/12 1756/1823/12 1757/1824/12 1758/1825/12 1759/1826/12 1760/1827/12 1761/1828/12 1762/1829/12 1763/1830/12 1764/1831/12 1765/1832/12 1766/1833/12 1767/1834/12 1768/1835/12 1769/1836/12 1770/1837/12 1771/1838/12 1772/1839/12 1773/1840/12 1774/1841/12 1775/1842/12 1776/1843/12 1777/1844/12 1778/1845/12 1779/1846/12 1780/1847/12 1781/1848/12 1782/1849/12 1783/1850/12 1784/1851/12 1785/1852/12 1786/1853/12 1787/1854/12 1788/1855/12 1789/1856/12 1790/1857/12
f 1791/1858/13 1792/1859/13 1793/1860/13
f 1794/1861/13 1793/1860/13 1792/1859/13
f 1795/1862/13 1793/1860/13 1794/1861/13
f 1796/1863/13 1792/1859/13 1791/1858/13
f 1797/1864/13 1798/1865/13 1796/1863/13
f 1797/1864/13 1799/1866/13 1798/1865/13
f 1800/1867/13 1798/1865/13 1801/1868/13
f 1797/1864/13 1796/1863/13 1791/1858/13
f 1795/1862/13 1794/1861/13 1802/1869/13
f 1795/1862/13 1802/1869/13 1803/1870/13
f 1798/1865/13 1799/1866/13 1801/1868/13
f 1803/1870/13 1804/1871/13 1795/1862/13
f 1804/1871/13 1803/1870/13 1805/1872/13
f 1806/1873/13 1800/1867/13 1801/1868/13
f 1807/1874/13 1808/1875/13 1806/1873/13
f 1800/1867/13 1806/1873/13 1808/1875/13
f 1809/1876/13 1810/1877/13 1811/1878/13 1812/1879/13
f 1813/1880/13 1808/1875/13 1807/1874/13
f 1813/1880/13 1814/1881/13 1815/1882/13
f 1813/1880/13 1816/1883/13 1814/1881/13
f 1817/1884/13 1815/1882/13 1818/1885/13
f 1816/1883/13 1813/1880/13 1807/1874/13
f 1817/1884/13 1818/1885/13 1819/1886/13
f 1814/1881/13 1818/1885/13 1815/1882/13
f 1812/1879/13 1820/1887/13 1809/1876/13
f 1809/1876/13 1820/1887/13 1819/1886/13
f 1817/1884/13 1819/1886/13 1820/1887/13
f 1821/1888/13 1805/1872/13 1822/1889/13
f 1821/1888/13 1822/1889/13 1823/1890/13
f 1823/1890/13 1824/1891/13 1821/1888/13
f 1825/1892/13 1826/1893/13 1827/1894/13
f 1827/1894/13 1824/1891/13 1828/1895/13 1825/1892/13
f 1824/1891/13 1823/1890/13 1828/1895/13
f 1825/1892/13 1829/1896/13 1830/1897/13 1826/1893/13
f 1831/1898/13 1830/1897/13 1829/1896/13
f 1832/1899/13 1833/1900/13 1834/1901/13 1831/1898/13
f 1831/1898/13 1829/1896/13 1832/1899/13
f 1835/1902/13 1836/1903/13 1833/1900/13 1837/1904/13
f 1838/1905/13 1839/1906/13 1810/1877/13 1840/1907/13
f 1838/1905/13 1840/1907/13 1841/1908/13
f 1811/1878/13 1810/1877/13 1839/1906/13
f 1842/1909/13 1835/1902/13 1837/1904/13
f 1843/1910/13 1842/1909/13 1837/1904/13
f 1840/1907/13 1844/1911/13 1841/1908/13
f 1844/1911/13 1845/1912/13 1843/1910/13 1846/1913/13
f 1843/1910/13 1845/1912/13 1842/1909/13
f 1841/1908/13 1844/1911/13 1846/1913/13
f 1833/1900/13 1836/1903/13 1834/1901/13
f 1805/1872/13 1821/1888/13 1804/1871/13
f 1847/1914/13 1848/1915/13 1849/1916/13
f 1850/1917/13 1849/1916/13 1848/1915/13
f 1851/1918/13 1849/1916/13 1850/1917/13
f 1852/1919/13 1848/1915/13 1847/1914/13
f 1853/1920/13 1854/1921/13 1852/1919/13
f 1853/1920/13 1855/1922/13 1854/1921/13
f 1856/1923/13 1854/1921/13 1857/1924/13
f 1853/1920/13 1852/1919/13 1847/1914/13
f 1851/1918/13 1850/1917/13 1858/1925/13
f 1851/1918/13 1858/1925/13 1859/1926/13
f 1854/1921/13 1855/1922/13 1857/1924/13
f 1860/1927/13 1851/1918/13 1859/1926/13
f 1856/1923/13 1857/1924/13 1861/1928/13
f 1862/1929/13 1856/1923/13 1861/1928/13
f 1863/1930/13 1864/1931/13 1862/1929/13
f 1861/1928/13 1863/1930/13 1862/1929/13
f 1865/1932/13 1864/1931/13 1863/1930/13
f 1866/1933/13 1867/1934/13 1864/1931/13
f 1866/1933/13 1868/1935/13 1867/1934/13
f 1869/1936/13 1867/1934/13 1868/1935/13
f 1866/1933/13 1864/1931/13 1865/1932/13
f 1870/1937/13 1871/1938/13 1872/1939/13 1873/1940/13
f 1869/1936/13 1868/1935/13 1870/1937/13
f 1874/1941/13 1875/1942/13 1876/1943/13
f 1875/1942/13 1872/1939/13 1871/1938/13 1876/1943/13
f 1869/1936/13 1870/1937/13 1873/1940/13
f 1877/1944/13 1878/1945/13 1879/1946/13
f 1877/1944/13 1879/1946/13 1880/1947/13
f 1878/1945/13 1877/1944/13 1860/1927/13
f 1881/1948/13 1877/1944/13 1880/1947/13
f 1882/1949/13 1881/1948/13 1883/1950/13 1884/1951/13
f 1881/1948/13 1880/1947/13 1883/1950/13
f 1859/1926/13 1878/1945/13 1860/1927/13
f 1885/1952/13 1882/1949/13 1884/1951/13
f 1884/1951/13 1886/1953/13 1887/1954/13 1885/1952/13
f 1888/1955/13 1887/1954/13 1886/1953/13 1889/1956/13
f 1890/1957/13 1888/1955/13 1889/1956/13
f 1891/1958/13 1892/1959/13 1890/1957/13
f 1893/1960/13 1892/1959/13 1891/1958/13 1894/1961/13
f 1895/1962/13 1896/1963/13 1874/1941/13
f 1896/1963/13 1895/1962/13 1897/1964/13
f 1874/1941/13 1876/1943/13 1895/1962/13
f 1898/1965/13 1893/1960/13 1894/1961/13
f 1899/1966/13 1898/1965/13 1894/1961/13
f 1895/1962/13 1900/1967/13 1897/1964/13
f 1900/1967/13 1901/1968/13 1899/1966/13 1902/1969/13
f 1899/1966/13 1901/1968/13 1898/1965/13
f 1897/1964/13 1900/1967/13 1902/1969/13
f 1891/1958/13 1890/1957/13 1889/1956/13
f 1903/1970/13 1904/1971/13 1905/1972/13 1906/1973/13
f 1907/1974/13 1903/1970/13 1906/1973/13
f 1908/1975/13 1903/1970/13 1907/1974/13
f 1909/1976/13 1905/1972/13 1910/1977/13 1911/1978/13
f 1912/1979/13 1909/1976/13 1911/1978/13 1913/1980/13
f 1910/1977/13 1905/1972/13 1904/1971/13
f 1908/1975/13 1907/1974/13 1914/1981/13
f 1908/1975/13 1914/1981/13 1915/1982/13
f 1915/1982/13 1916/1983/13 1908/1975/13
f 1916/1983/13 1915/1982/13 1917/1984/13
f 1918/1985/13 1912/1979/13 1913/1980/13
f 1919/1986/13 1920/1987/13 1918/1985/13
f 1912/1979/13 1918/1985/13 1920/1987/13
f 1921/1988/13 1920/1987/13 1919/1986/13 1922/1989/13
f 1923/1990/13 1921/1988/13 1922/1989/13 1924/1991/13
f 1925/1992/13 1923/1990/13 1926/1993/13 1927/1994/13
f 1928/1995/13 1929/1996/13 1930/1997/13 1931/1998/13
f 1923/1990/13 1924/1991/13 1926/1993/13
f 1931/1998/13 1932/1999/13 1928/1995/13
f 1928/1995/13 1932/1999/13 1927/1994/13
f 1925/1992/13 1927/1994/13 1932/1999/13
f 1933/2000/13 1917/1984/13 1934/2001/13
f 1933/2000/13 1934/2001/13 1935/2002/13
f 1935/2002/13 1936/2003/13 1933/2000/13
f 1937/2004/13 1938/2005/13 1939/2006/13
f 1937/2004/13 1936/2003/13 1940/2007/13 1938/2005/13
f 1936/2003/13 1935/2002/13 1940/2007/13
f 1938/2005/13 1941/2008/13 1942/2009/13 1939/2006/13
f 1943/2010/13 1942/2009/13 1941/2008/13
f 1944/2011/13 1945/2012/13 1946/2013/13 1943/2010/13
f 1943/2010/13 1941/2008/13 1944/2011/13
f 1947/2014/13 1948/2015/13 1949/2016/13
f 1950/2017/13 1951/2018/13 1929/1996/13 1952/2019/13
f 1950/2017/13 1952/2019/13 1953/2020/13
f 1930/1997/13 1929/1996/13 1951/2018/13
f 1954/2021/13 1948/2015/13 1947/2014/13
f 1945/2012/13 1947/2014/13 1949/2016/13
f 1955/2022/13 1954/2021/13 1947/2014/13
f 1952/2019/13 1956/2023/13 1953/2020/13
f 1957/2024/13 1956/2023/13 1958/2025/13
f 1958/2025/13 1955/2022/13 1957/2024/13
f 1955/2022/13 1958/2025/13 1954/2021/13
f 1953/2020/13 1956/2023/13 1957/2024/13
f 1945/2012/13 1949/2016/13 1946/2013/13
f 1917/1984/13 1933/2000/13 1916/1983/13
f 1959/2026/13 1960/2027/13 1961/2028/13
f 1962/2029/13 1961/2028/13 1960/2027/13
f 1963/2030/13 1961/2028/13 1962/2029/13
f 1964/2031/13 1960/2027/13 1959/2026/13
f 1965/2032/13 1966/2033/13 1964/2031/13
f 1965/2032/13 1967/2034/13 1966/2033/13
f 1968/2035/13 1966/2033/13 1969/2036/13
f 1965/2032/13 1964/2031/13 1959/2026/13
f 1963/2030/13 1962/2029/13 1970/2037/13
f 1963/2030/13 1970/2037/13 1971/2038/13
f 1966/2033/13 1967/2034/13 1969/2036/13
f 1971/2038/13 1972/2039/13 1963/2030/13
f 1972/2039/13 1971/2038/13 1973/2040/13
f 1974/2041/13 1968/2035/13 1969/2036/13
f 1975/2042/13 1976/2043/13 1974/2041/13
f 1968/2035/13 1974/2041/13 1976/2043/13
f 1977/2044/13 1978/2045/13 1979/2046/13 1980/2047/13
f 1981/2048/13 1976/2043/13 1975/2042/13
f 1981/2048/13 1982/2049/13 1983/2050/13
f 1981/2048/13 1984/2051/13 1982/2049/13
f 1985/2052/13 1983/2050/13 1986/2053/13
f 1984/2051/13 1981/2048/13 1975/2042/13
f 1985/2052/13 1986/2053/13 1987/2054/13
f 1982/2049/13 1986/2053/13 1983/2050/13
f 1980/2047/13 1988/2055/13 1977/2044/13
f 1977/2044/13 1988/2055/13 1987/2054/13
f 1985/2052/13 1987/2054/13 1988/2055/13
f 1989/2056/13 1973/2040/13 1990/2057/13
f 1989/2056/13 1990/2057/13 1991/2058/13
f 1991/2058/13 1992/2059/13 1989/2056/13
f 1993/2060/13 1994/2061/13 1995/2062/13
f 1995/2062/13 1992/2059/13 1996/2063/13 1993/2060/13
f 1992/2059/13 1991/2058/13 1996/2063/13
f 1993/2060/13 1997/2064/13 1998/2065/13 1994/2061/13
f 1999/2066/13 1998/2065/13 1997/2064/13
f 2000/2067/13 2001/2068/13 2002/2069/13 1999/2066/13
f 1999/2066/13 1997/2064/13 2000/2067/13
f 2003/2070/13 2004/2071/13 2001/2068/13 2005/2072/13
f 2006/2073/13 2007/2074/13 2008/2075/13
f 2007/2074/13 2006/2073/13 2009/2076/13
f 2008/2075/13 1978/2045/13 2006/2073/13
f 1979/2046/13 1978/2045/13 2008/2075/13
f 2010/2077/13 2003/2070/13 2005/2072/13
f 2011/2078/13 2010/2077/13 2005/2072/13
f 2006/2073/13 2012/2079/13 2009/2076/13
f 2012/2079/13 2013/2080/13 2011/2078/13 2014/2081/13
f 2011/2078/13 2013/2080/13 2010/2077/13
f 2009/2076/13 2012/2079/13 2014/2081/13
f 2001/2068/13 2004/2071/13 2002/2069/13
f 1973/2040/13 1989/2056/13 1972/2039/13
f 2015/2082/13 2016/2083/13 2017/2084/13
f 2018/2085/13 2017/2084/13 2016/2083/13
f 2019/2086/13 2017/2084/13 2018/2085/13
f 2020/2087/13 2016/2083/13 2015/2082/13
f 2021/2088/13 2022/2089/13 2020/2087/13
f 2021/2088/13 2023/2090/13 2022/2089/13
f 2024/2091/13 2022/2089/13 2025/2092/13
f 2021/2088/13 2020/2087/13 2015/2082/13
f 2019/2086/13 2018/2085/13 2026/2093/13
f 2019/2086/13 2026/2093/13 2027/2094/13
f 2022/2089/13 2023/2090/13 2025/2092/13
f 2027/2094/13 2028/2095/13 2019/2086/13
f 2028/2095/13 2027/2094/13 2029/2096/13
f 2030/2097/13 2024/2091/13 2025/2092/13
f 2031/2098/13 2032/2099/13 2030/2097/13
f 2024/2091/13 2030/2097/13 2032/2099/13
f 2033/2100/13 2034/2101/13 2035/2102/13 2036/2103/13
f 2037/2104/13 2032/2099/13 2031/2098/13
f 2037/2104/13 2038/2105/13 2039/2106/13
f 2037/2104/13 2040/2107/13 2038/2105/13
f 2041/2108/13 2039/2106/13 2042/2109/13
f 2040/2107/13 2037/2104/13 2031/2098/13
f 2041/2108/13 2042/2109/13 2043/2110/13
f 2038/2105/13 2042/2109/13 2039/2106/13
f 2036/2103/13 2044/2111/13 2033/2100/13
f 2033/2100/13 2044/2111/13 2043/2110/13
f 2041/2108/13 2043/2110/13 2044/2111/13
f 2045/2112/13 2029/2096/13 2046/2113/13
f 2045/2112/13 2046/2113/13 2047/2114/13
f 2047/2114/13 2048/2115/13 2045/2112/13
f 2049/2116/13 2050/2117/13 2051/2118/13
f 2051/2118/13 2048/2115/13 2052/2119/13 2049/2116/13
f 2048/2115/13 2047/2114/13 2052/2119/13
f 2049/2116/13 2053/2120/13 2054/2121/13 2050/2117/13
f 2055/2122/13 2054/2121/13 2053/2120/13 2056/2123/13
f 2056/2123/13 2057/2124/13 2058/2125/13 2055/2122/13
f 2059/2126/13 2060/2127/13 2057/2124/13 2061/2128/13
f 2062/2129/13 2063/2130/13 2034/2101/13 2064/2131/13
f 2062/2129/13 2064/2131/13 2065/2132/13
f 2035/2102/13 2034/2101/13 2063/2130/13
f 2066/2133/13 2059/2126/13 2061/2128/13
f 2067/2134/13 2066/2133/13 2061/2128/13
f 2064/2131/13 2068/2135/13 2065/2132/13
f 2068/2135/13 2069/2136/13 2067/2134/13 2070/2137/13
f 2067/2134/13 2069/2136/13 2066/2133/13
f 2065/2132/13 2068/2135/13 2070/2137/13
f 2057/2124/13 2060/2127/13 2058/2125/13
f 2029/2096/13 2045/2112/13 2028/2095/13
f 2071/2138/13 2072/2139/13 2073/2140/13 2074/2141/13
f 2075/2142/13 2071/2138/13 2074/2141/13
f 2076/2143/13 2071/2138/13 2075/2142/13
f 2077/2144/13 2073/2140/13 2078/2145/13 2079/2146/13
f 2080/2147/13 2077/2144/13 2079/2146/13 2081/2148/13
f 2078/2145/13 2073/2140/13 2072/2139/13
f 2076/2143/13 2075/2142/13 2082/2149/13
f 2076/2143/13 2082/2149/13 2083/2150/13
f 2083/2150/13 2084/2151/13 2076/2143/13
f 2084/2151/13 2083/2150/13 2085/2152/13
f 2086/2153/13 2080/2147/13 2081/2148/13
f 2087/2154/13 2088/2155/13 2086/2153/13
f 2080/2147/13 2086/2153/13 2088/2155/13
f 2089/2156/13 2088/2155/13 2087/2154/13 2090/2157/13
f 2091/2158/13 2089/2156/13 2090/2157/13 2092/2159/13
f 2093/2160/13 2091/2158/13 2094/2161/13 2095/2162/13
f 2096/2163/13 2097/2164/13 2098/2165/13 2099/2166/13
f 2091/2158/13 2092/2159/13 2094/2161/13
f 2099/2166/13 2100/2167/13 2096/2163/13
f 2096/2163/13 2100/2167/13 2095/2162/13
f 2093/2160/13 2095/2162/13 2100/2167/13
f 2101/2168/13 2085/2152/13 2102/2169/13
f 2101/2168/13 2102/2169/13 2103/2170/13
f 2103/2170/13 2104/2171/13 2101/2168/13
f 2105/2172/13 2106/2173/13 2107/2174/13
f 2105/2172/13 2104/2171/13 2108/2175/13 2106/2173/13
f 2104/2171/13 2103/2170/13 2108/2175/13
f 2106/2173/13 2109/2176/13 2110/2177/13 2107/2174/13
f 2111/2178/13 2110/2177/13 2109/2176/13
f 2112/2179/13 2113/2180/13 2114/2181/13 2111/2178/13
f 2111/2178/13 2109/2176/13 2112/2179/13
f 2115/2182/13 2116/2183/13 2117/2184/13
f 2118/2185/13 2119/2186/13 2097/2164/13 2120/2187/13
f 2118/2185/13 2120/2187/13 2121/2188/13
f 2098/2165/13 2097/2164/13 2119/2186/13
f 2122/2189/13 2116/2183/13 2115/2182/13
f 2113/2180/13 2115/2182/13 2117/2184/13
f 2123/2190/13 2122/2189/13 2115/2182/13
f 2120/2187/13 2124/2191/13 2121/2188/13
f 2125/2192/13 2124/2191/13 2126/2193/13
f 2126/2193/13 2123/2190/13 2125/2192/13
f 2123/2190/13 2126/2193/13 2122/2189/13
f 2121/2188/13 2124/2191/13 2125/2192/13
f 2113/2180/13 2117/2184/13 2114/2181/13
f 2085/2152/13 2101/2168/13 2084/2151/13
f 2127/2194/9 2128/2195/9 2129/2196/9 2130/2197/9 2131/2198/9 2132/2199/9 2133/2200/9 2134/2201/9 2135/2202/9 2136/2203/9 2137/2204/9 2138/2205/9 2139/2206/9 2140/2207/9 2141/2208/9 2142/2209/9 2143/2210/9 2144/2211/9 2145/2212/9 2146/2213/9 2147/2214/9 2148/2215/9 2149/2216/9 2150/2217/9 2151/2218/9 2152/2219/9 2153/2220/9 2154/2221/9 2155/2222/9 2156/2223/9 2157/2224/9 2158/2225/9 2159/2226/9 2160/2227/9 2161/2228/9 2162/2229/9 2163/2230/9 2164/2231/9 2165/2232/9 2166/2233/9 2167/2234/9 2168/2235/9 2169/2236/9 2170/2237/9 2171/2238/9 2172/2239/9 2173/2240/9 2174/2241/9
f 2175/2242/13 2176/2243/13 2177/2244/13 2178/2245/13 2179/2246/13 2180/2247/13 2181/2248/13 2182/2249/13 2183/2250/13 2184/2251/13 2185/2252/13 2186/2253/13 2187/2254/13 2188/2255/13 2189/2256/13 2190/2257/13 2191/2258/13 2192/2259/13 2193/2260/13 2194/2261/13 2195/2262/13 2196/2263/13 2197/2264/13 2198/2265/13 2199/2266/13 2200/2267/13 2201/2268/13 2202/2269/13 2203/2270/13 2204/2271/13 2205/2272/13 2206/2273/13 2207/2274/13 2208/2275/13 2209/2276/13 2210/2277/13 2211/2278/13 2212/2279/13 2213/2280/13 2214/2281/13 2215/2282/13 2216/2283/13 2217/2284/13 2218/2285/13 2219/2286/13 2130/2287/13 2129/2288/13 2220/2289/13 2221/2290/13 2222/2291/13 2223/2292/13 2224/2293/13 2225/2294/13 2226/2295/13 2227/2296/13 2228/2297/13 2229/2298/13 2230/2299/13 2231/2300/13 2232/2301/13 2233/2302/13 2234/2303/13 2235/2304/13 2236/2305/13 2237/2306/13 2238/2307/13 2239/2308/13 2240/2309/13 2241/2310/13 2242/2311/13 2243/2312/13 2244/2313/13 2245/2314/13 2246/2315/13 2247/2316/13 2248/2317/13 2249/2318/13 2250/2319/13 2251/2320/13 2252/2321/13 2253/2322/13 2254/2323/13 2255/2324/13 2256/2325/13 2257/2326/13 2258/2327/13
f 2259/2328/11 2260/2329/11 2261/2330/11 2262/2331/11 2263/2332/11 2264/2333/11 2265/2334/11 2266/2335/11 2267/2336/11 2268/2337/11 2269/2338/11 2270/2339/11 2271/2340/11 2272/2341/11 2273/2342/11 2274/2343/11 2275/2344/11 2276/2345/11 2277/2346/11 2278/2347/11 2279/2348/11 2280/2349/11 2281/2350/11 2282/2351/11 2283/2352/11 2284/2353/11 2178/2354/11 2177/2355/11 2285/2356/11 2286/2357/11 2287/2358/11 2288/2359/11 2289/2360/11 2290/2361/11 2291/2362/11 2292/2363/11 2293/2364/11 2294/2365/11 2295/2366/11 2296/2367/11 2297/2368/11 2298/2369/11 2299/2370/11 2300/2371/11 2301/2372/11 2302/2373/11 2303/2374/11 2304/2375/11
f 2305/2376/14 2306/2377/14 2154/2378/14 2153/2379/14 2307/2380/14 2308/2381/14 2309/2382/14 2310/2383/14 2311/2384/14 2312/2385/14 2313/2386/14 2314/2387/14 2315/2388/14 2316/2389/14 2317/2390/14 2318/2391/14 2319/2392/14 2320/2393/14 2321/2394/14 2322/2395/14 2323/2396/14 2324/2397/14 2325/2398/14 2326/2399/14 2327/2400/14 2328/2401/14 2329/2402/14 2330/2403/14 2331/2404/14 2332/2405/14 2333/2406/14 2334/2407/14 2335/2408/14 2336/2409/14 2337/2410/14 2338/2411/14 2339/2412/14 2340/2413/14 2341/2414/14 2342/2415/14 2343/2416/14 2344/2417/14 2345/2418/14 2346/2419/14 2347/2420/14 2262/2421/14 2261/2422/14 2348/2423/14 2349/2424/14 2350/2425/14 2351/2426/14 2352/2427/14 2353/2428/14 2354/2429/14 2355/2430/14 2356/2431/14 2357/2432/14 2358/2433/14 2359/2434/14 2360/2435/14 2361/2436/14 2362/2437/14 2363/2438/14 2364/2439/14 2365/2440/14 2366/2441/14 2367/2442/14 2368/2443/14 2369/2444/14 2370/2445/14 2371/2446/14 2372/2447/14 2373/2448/14 2374/2449/14 2375/2450/14 2376/2451/14 2377/2452/14 2378/2453/14 2379/2454/14 2380/2455/14 2381/2456/14 2382/2457/14 2383/2458/14 2384/2459/14 2385/2460/14 2386/2461/14
f 2387/2462/10 2388/2463/10 2389/2464/10 2390/2465/10
f 2391/2466/10 2388/2463/10 2387/2462/10
f 2392/2467/10 2391/2466/10 2387/2462/10
f 2393/2468/10 2394/2469/10 2395/2470/10 2389/2464/10
f 2396/2471/10 2397/2472/10 2394/2469/10 2393/2468/10
f 2395/2470/10 2390/2465/10 2389/2464/10
f 2392/2467/10 2398/2473/10 2391/2466/10
f 2399/2474/10 2400/2475/10 2398/2473/10
f 2398/2473/10 2392/2467/10 2399/2474/10
f 2401/2476/10 2397/2472/10 2396/2471/10
f 2402/2477/10 2401/2476/10 2403/2478/10
f 2396/2471/10 2403/2478/10 2401/2476/10
f 2404/2479/10 2405/2480/10 2402/2477/10 2403/2478/10
f 2406/2481/10 2407/2482/10 2405/2480/10 2404/2479/10
f 2408/2483/10 2409/2484/10 2410/2485/10 2406/2481/10
f 2406/2481/10 2410/2485/10 2407/2482/10
f 2409/2484/10 2408/2483/10 2411/2486/10 2412/2487/10
f 2413/2488/10 2412/2487/10 2411/2486/10
f 2414/2489/10 2415/2490/10 2412/2487/10 2413/2488/10
f 2415/2490/10 2414/2489/10 2416/2491/10 2417/2492/10
f 2400/2475/10 2399/2474/10 2418/2493/10
f 2418/2493/10 2419/2494/10 2420/2495/10 2421/2496/10
f 2420/2495/10 2422/2497/10 2421/2496/10
f 2423/2498/10 2424/2499/10 2422/2497/10 2420/2495/10
f 2424/2499/10 2423/2498/10 2425/2500/10
f 2426/2501/10 2427/2502/10 2425/2500/10
f 2424/2499/10 2425/2500/10 2427/2502/10
f 2428/2503/10 2427/2502/10 2426/2501/10
f 2428/2503/10 2429/2504/10 2430/2505/10
f 2430/2505/10 2431/2506/10 2428/2503/10
f 2428/2503/10 2426/2501/10 2429/2504/10
f 2432/2507/10 2431/2506/10 2430/2505/10
f 2433/2508/10 2432/2507/10 2434/2509/10
f 2435/2510/10 2436/2511/10 2417/2492/10 2416/2491/10
f 2435/2510/10 2437/2512/10 2436/2511/10
f 2438/2513/10 2439/2514/10 2440/2515/10
f 2434/2509/10 2439/2514/10 2438/2513/10
f 2438/2513/10 2433/2508/10 2434/2509/10
f 2441/2516/10 2438/2513/10 2440/2515/10
f 2436/2511/10 2437/2512/10 2442/2517/10 2443/2518/10
f 2442/2517/10 2444/2519/10 2443/2518/10
f 2444/2519/10 2442/2517/10 2441/2516/10
f 2441/2516/10 2440/2515/10 2444/2519/10
f 2433/2508/10 2431/2506/10 2432/2507/10
f 2419/2494/10 2418/2493/10 2399/2474/10
f 2445/2520/10 2446/2521/10 2447/2522/10 2448/2523/10
f 2449/2524/10 2446/2521/10 2445/2520/10
f 2450/2525/10 2449/2524/10 2445/2520/10
f 2451/2526/10 2452/2527/10 2453/2528/10 2447/2522/10
f 2454/2529/10 2455/2530/10 2456/2531/10
f 2451/2526/10 2456/2531/10 2455/2530/10
f 2455/2530/10 2452/2527/10 2451/2526/10
f 2448/2523/10 2447/2522/10 2453/2528/10
f 2450/2525/10 2457/2532/10 2449/2524/10
f 2458/2533/10 2459/2534/10 2457/2532/10
f 2457/2532/10 2450/2525/10 2458/2533/10
f 2460/2535/10 2461/2536/10 2462/2537/10 2463/2538/10
f 2456/2531/10 2463/2538/10 2454/2529/10
f 2464/2539/10 2465/2540/10 2461/2536/10 2460/2535/10
f 2466/2541/10 2467/2542/10 2468/2543/10 2464/2539/10
f 2465/2540/10 2464/2539/10 2468/2543/10
f 2469/2544/10 2467/2542/10 2466/2541/10
f 2463/2538/10 2462/2537/10 2454/2529/10
f 2470/2545/10 2467/2542/10 2469/2544/10
f 2471/2546/10 2470/2545/10 2469/2544/10
f 2472/2547/10 2473/2548/10 2470/2545/10 2471/2546/10
f 2473/2548/10 2472/2547/10 2474/2549/10 2475/2550/10
f 2476/2551/10 2459/2534/10 2458/2533/10
f 2477/2552/10 2476/2551/10 2478/2553/10 2479/2554/10
f 2478/2553/10 2480/2555/10 2479/2554/10
f 2481/2556/10 2482/2557/10 2480/2555/10 2478/2553/10
f 2483/2558/10 2484/2559/10 2482/2557/10 2481/2556/10
f 2485/2560/10 2484/2559/10 2483/2558/10
f 2484/2559/10 2485/2560/10 2486/2561/10 2487/2562/10
f 2488/2563/10 2489/2564/10 2487/2562/10 2486/2561/10
f 2490/2565/10 2489/2564/10 2488/2563/10
f 2491/2566/10 2490/2565/10 2492/2567/10
f 2493/2568/10 2494/2569/10 2475/2550/10 2474/2549/10
f 2493/2568/10 2495/2570/10 2494/2569/10
f 2496/2571/10 2497/2572/10 2498/2573/10
f 2497/2572/10 2496/2571/10 2491/2566/10 2492/2567/10
f 2499/2574/10 2496/2571/10 2498/2573/10
f 2494/2569/10 2495/2570/10 2500/2575/10 2501/2576/10
f 2501/2576/10 2500/2575/10 2499/2574/10 2502/2577/10
f 2499/2574/10 2498/2573/10 2502/2577/10
f 2491/2566/10 2489/2564/10 2490/2565/10
f 2477/2552/10 2459/2534/10 2476/2551/10
f 2503/2578/10 2504/2579/10 2505/2580/10 2506/2581/10
f 2507/2582/10 2504/2579/10 2503/2578/10
f 2508/2583/10 2507/2582/10 2503/2578/10
f 2509/2584/10 2510/2585/10 2511/2586/10 2505/2580/10
f 2512/2587/10 2513/2588/10 2509/2584/10
f 2511/2586/10 2506/2581/10 2505/2580/10
f 2508/2583/10 2514/2589/10 2507/2582/10
f 2514/2589/10 2508/2583/10 2515/2590/10 2516/2591/10
f 2509/2584/10 2513/2588/10 2510/2585/10
f 2517/2592/10 2513/2588/10 2512/2587/10
f 2518/2593/10 2517/2592/10 2519/2594/10
f 2512/2587/10 2519/2594/10 2517/2592/10
f 2520/2595/10 2521/2596/10 2518/2593/10 2519/2594/10
f 2520/2595/10 2522/2597/10 2523/2598/10
f 2520/2595/10 2523/2598/10 2521/2596/10
f 2524/2599/10 2525/2600/10 2522/2597/10
f 2522/2597/10 2525/2600/10 2523/2598/10
f 2526/2601/10 2524/2599/10 2527/2602/10 2528/2603/10
f 2524/2599/10 2526/2601/10 2525/2600/10
f 2529/2604/10 2528/2603/10 2527/2602/10
f 2530/2605/10 2531/2606/10 2528/2603/10 2529/2604/10
f 2531/2606/10 2530/2605/10 2532/2607/10 2533/2608/10
f 2534/2609/10 2535/2610/10 2516/2591/10 2515/2590/10
f 2534/2609/10 2536/2611/10 2535/2610/10
f 2537/2612/10 2538/2613/10 2536/2611/10
f 2537/2612/10 2536/2611/10 2534/2609/10
f 2539/2614/10 2540/2615/10 2538/2613/10 2537/2612/10
f 2541/2616/10 2542/2617/10 2540/2615/10 2539/2614/10
f 2543/2618/10 2542/2617/10 2541/2616/10
f 2542/2617/10 2543/2618/10 2544/2619/10 2545/2620/10
f 2546/2621/10 2547/2622/10 2545/2620/10 2544/2619/10
f 2548/2623/10 2547/2622/10 2546/2621/10
f 2549/2624/10 2548/2623/10 2550/2625/10
f 2551/2626/10 2552/2627/10 2533/2608/10 2532/2607/10
f 2551/2626/10 2553/2628/10 2552/2627/10
f 2554/2629/10 2555/2630/10 2556/2631/10
f 2555/2630/10 2554/2629/10 2549/2624/10 2550/2625/10
f 2557/2632/10 2554/2629/10 2556/2631/10
f 2552/2627/10 2553/2628/10 2558/2633/10 2559/2634/10
f 2559/2634/10 2558/2633/10 2557/2632/10 2560/2635/10
f 2557/2632/10 2556/2631/10 2560/2635/10
f 2549/2624/10 2547/2622/10 2548/2623/10
f 2561/2636/13 2562/2637/13 2563/2638/13 2564/2639/13 2565/2640/13 2566/2641/13 2567/2642/13 2568/2643/13 2569/2644/13 2570/2645/13 2571/2646/13 2572/2647/13 2573/2648/13 2574/2649/13 2575/2650/13 2576/2651/13 2577/2652/13 2578/2653/13 2579/2654/13 2580/2655/13 2581/2656/13 2582/2657/13 2583/2658/13 2584/2659/13 2585/2660/13 2586/2661/13 2587/2662/13 2588/2663/13 2589/2664/13 2590/2665/13 2591/2666/13 2592/2667/13 2593/2668/13 2594/2669/13 2595/2670/13 2596/2671/13 2597/2672/13 2598/2673/13 2599/2674/13 2600/2675/13 2601/2676/13 2602/2677/13 2603/2678/13 2604/2679/13 2605/2680/13 2606/2681/13 2607/2682/13 2608/2683/13 2609/2684/13 2610/2685/13 2611/2686/13 2612/2687/13 2613/2688/13 2614/2689/13 2615/2690/13 2616/2691/13 2617/2692/13 2618/2693/13 2619/2694/13 2620/2695/13 2621/2696/13 2622/2697/13 2623/2698/13 2624/2699/13 2625/2700/13 2626/2701/13 2627/2702/13 2628/2703/13 2629/2704/13 2630/2705/13 2631/2706/13 2632/2707/13 2633/2708/13 2634/2709/13 2635/2710/13 2636/2711/13 2637/2712/13 2638/2713/13 2639/2714/13 2640/2715/13 2641/2716/13 2642/2717/13 2643/2718/13 2644/2719/13
f 2645/2720/9 2646/2721/9 2647/2722/9 2648/2723/9 2649/2724/9 2650/2725/9 2651/2726/9 2652/2727/9 2653/2728/9 2654/2729/9 2655/2730/9 2656/2731/9 2657/2732/9 2658/2733/9 2659/2734/9 2660/2735/9 2661/2736/9 2662/2737/9 2663/2738/9 2664/2739/9 2665/2740/9 2666/2741/9 2667/2742/9 2668/2743/9 2564/2744/9 2563/2745/9 2669/2746/9 2670/2747/9 2671/2748/9 2672/2749/9 2673/2750/9 2674/2751/9 2675/2752/9 2676/2753/9 2677/2754/9 2678/2755/9 2679/2756/9 2680/2757/9 2681/2758/9 2682/2759/9 2683/2760/9 2684/2761/9 2685/2762/9 2686/2763/9
f 2687/2764/14 2688/2765/14 2689/2766/14 2690/2767/14 2691/2768/14 2692/2769/14 2693/2770/14 2694/2771/14 2695/2772/14 2696/2773/14 2697/2774/14 2698/2775/14 2699/2776/14 2700/2777/14 2701/2778/14 2702/2779/14 2703/2780/14 2704/2781/14 2705/2782/14 2706/2783/14 2707/2784/14 2708/2785/14 2709/2786/14 2710/2787/14 2711/2788/14 2712/2789/14 2713/2790/14 2714/2791/14 2715/2792/14 2716/2793/14 2717/2794/14 2718/2795/14 2719/2796/14 2720/2797/14 2721/2798/14 2722/2799/14 2723/2800/14 2724/2801/14 2725/2802/14 2726/2803/14 2727/2804/14 2728/2805/14 2729/2806/14 2730/2807/14 2648/2808/14 2647/2809/14 2731/2810/14 2732/2811/14 2733/2812/14 2734/2813/14 2735/2814/14 2736/2815/14 2737/2816/14 2738/2817/14 2739/2818/14 2740/2819/14 2741/2820/14 2742/2821/14 2743/2822/14 2744/2823/14 2745/2824/14 2746/2825/14 2747/2826/14 2748/2827/14 2749/2828/14 2750/2829/14 2751/2830/14 2752/2831/14 2753/2832/14 2754/2833/14 2755/2834/14 2756/2835/14 2757/2836/14 2758/2837/14 2759/2838/14 2760/2839/14 2761/2840/14 2762/2841/14 2763/2842/14 2764/2843/14 2765/2844/14 2766/2845/14 2767/2846/14 2768/2847/14
f 2769/2848/11 2770/2849/11 2606/2850/11 2605/2851/11 2771/2852/11 2772/2853/11 2773/2854/11 2774/2855/11 2775/2856/11 2776/2857/11 2777/2858/11 2778/2859/11 2779/2860/11 2780/2861/11 2781/2862/11 2782/2863/11 2783/2864/11 2784/2865/11 2785/2866/11 2786/2867/11 2787/2868/11 2788/2869/11 2789/2870/11 2790/2871/11 2690/2872/11 2689/2873/11 2791/2874/11 2792/2875/11 2793/2876/11 2794/2877/11 2795/2878/11 2796/2879/11 2797/2880/11 2798/2881/11 2799/2882/11 2800/2883/11 2801/2884/11 2802/2885/11 2803/2886/11 2804/2887/11 2805/2888/11 2806/2889/11 2807/2890/11 2808/2891/11
f 2809/2892/9 2810/2893/9 2811/2894/9 2812/2895/9 2813/2896/9 2814/2897/9 2815/2898/9 2816/2899/9 2817/2900/9 2818/2901/9 2819/2902/9 2820/2903/9 2821/2904/9 2822/2905/9 2823/2906/9 2824/2907/9 2825/2908/9 2826/2909/9 2827/2910/9 2828/2911/9 2829/2912/9 2830/2913/9 2831/2914/9 2832/2915/9 2833/2916/9 2834/2917/9 2835/2918/9 2836/2919/9 2837/2920/9 2838/2921/9 2839/2922/9 2840/2923/9 2841/2924/9 2842/2925/9 2843/2926/9 2844/2927/9 2845/2928/9 2846/2929/9 2847/2930/9 2848/2931/9 2849/2932/9 2850/2933/9 2851/2934/9 2852/2935/9 2853/2936/9 2854/2937/9 2855/2938/9 2856/2939/9
f 2857/2940/13 2858/2941/13 2859/2942/13 2860/2943/13 2861/2944/13 2862/2945/13 2863/2946/13 2864/2947/13 2865/2948/13 2866/2949/13 2867/2950/13 2868/2951/13 2869/2952/13 2870/2953/13 2871/2954/13 2872/2955/13 2873/2956/13 2874/2957/13 2875/2958/13 2876/2959/13 2877/2960/13 2878/2961/13 2879/2962/13 2880/2963/13 2881/2964/13 2882/2965/13 2883/2966/13 2884/2967/13 2885/2968/13 2886/2969/13 2887/2970/13 2888/2971/13 2889/2972/13 2890/2973/13 2891/2974/13 2892/2975/13 2893/2976/13 2894/2977/13 2895/2978/13 2896/2979/13 2897/2980/13 2898/2981/13 2899/2982/13 2900/2983/13 2901/2984/13 2812/2985/13 2811/2986/13 2902/2987/13 2903/2988/13 2904/2989/13 2905/2990/13 2906/2991/13 2907/2992/13 2908/2993/13 2909/2994/13 2910/2995/13 2911/2996/13 2912/2997/13 2913/2998/13 2914/2999/13 2915/3000/13 2916/3001/13 2917/3002/13 2918/3003/13 2919/3004/13 2920/3005/13 2921/3006/13 2922/3007/13 2923/3008/13 2924/3009/13 2925/3010/13 2926/3011/13 2927/3012/13 2928/3013/13 2929/3014/13 2930/3015/13 2931/3016/13 2932/3017/13 2933/3018/13 2934/3019/13 2935/3020/13 2936/3021/13 2937/3022/13 2938/3023/13 2939/3024/13 2940/3025/13
f 2941/3026/11 2942/3027/11 2943/3028/11 2944/3029/11 2945/3030/11 2946/3031/11 2947/3032/11 2948/3033/11 2949/3034/11 2950/3035/11 2951/3036/11 2952/3037/11 2953/3038/11 2954/3039/11 2955/3040/11 2956/3041/11 2957/3042/11 2958/3043/11 2959/3044/11 2960/3045/11 2961/3046/11 2962/3047/11 2963/3048/11 2964/3049/11 2965/3050/11 2966/3051/11 2860/3052/11 2859/3053/11 2967/3054/11 2968/3055/11 2969/3056/11 2970/3057/11 2971/3058/11 2972/3059/11 2973/3060/11 2974/3061/11 2975/3062/11 2976/3063/11 2977/3064/11 2978/3065/11 2979/3066/11 2980/3067/11 2981/3068/11 2982/3069/11 2983/3070/11 2984/3071/11 2985/3072/11 2986/3073/11
f 2987/3074/14 2988/3075/14 2836/3076/14 2835/3077/14 2989/3078/14 2990/3079/14 2991/3080/14 2992/3081/14 2993/3082/14 2994/3083/14 2995/3084/14 2996/3085/14 2997/3086/14 2998/3087/14 2999/3088/14 3000/3089/14 3001/3090/14 3002/3091/14 3003/3092/14 3004/3093/14 3005/3094/14 3006/3095/14 3007/3096/14 3008/3097/14 3009/3098/14 3010/3099/14 3011/3100/14 3012/3101/14 3013/3102/14 3014/3103/14 3015/3104/14 3016/3105/14 3017/3106/14 3018/3107/14 3019/3108/14 3020/3109/14 3021/3110/14 3022/3111/14 3023/3112/14 3024/3113/14 3025/3114/14 3026/3115/14 3027/3116/14 3028/3117/14 3029/3118/14 2944/3119/14 2943/3120/14 3030/3121/14 3031/3122/14 3032/3123/14 3033/3124/14 3034/3125/14 3035/3126/14 3036/3127/14 3037/3128/14 3038/3129/14 3039/3130/14 3040/3131/14 3041/3132/14 3042/3133/14 3043/3134/14 3044/3135/14 3045/3136/14 3046/3137/14 3047/3138/14 3048/3139/14 3049/3140/14 3050/3141/14 3051/3142/14 3052/3143/14 3053/3144/14 3054/3145/14 3055/3146/14 3056/3147/14 3057/3148/14 3058/3149/14 3059/3150/14 3060/3151/14 3061/3152/14 3062/3153/14 3063/3154/14 3064/3155/14 3065/3156/14 3066/3157/14 3067/3158/14 3068/3159/14
f 3069/3160/13 3070/3161/13 3071/3162/13 3072/3163/13 3073/3164/13 3074/3165/13 3075/3166/13 3076/3167/13 3077/3168/13 3078/3169/13 3079/3170/13 3080/3171/13 3081/3172/13 3082/3173/13 3083/3174/13 3084/3175/13 3085/3176/13 3086/3177/13 3087/3178/13 3088/3179/13 3089/3180/13 3090/3181/13 3091/3182/13 3092/3183/13 3093/3184/13 3094/3185/13 3095/3186/13 3096/3187/13 3097/3188/13 3098/3189/13 3099/3190/13 3100/3191/13 3101/3192/13 3102/3193/13 3103/3194/13 3104/3195/13 3105/3196/13 3106/3197/13 3107/3198/13 3108/3199/13 3109/3200/13 3110/3201/13 3111/3202/13 3112/3203/13 3113/3204/13 3114/3205/13 3115/3206/13 3116/3207/13 3117/3208/13 3118/3209/13 3119/3210/13 3120/3211/13 3121/3212/13 3122/3213/13 3123/3214/13 3124/3215/13 3125/3216/13 3126/3217/13 3127/3218/13 3128/3219/13 3129/3220/13 3130/3221/13 3131/3222/13 3132/3223/13 3133/3224/13 3134/3225/13 3135/3226/13 3136/3227/13 3137/3228/13 3138/3229/13 3139/3230/13 3140/3231/13 3141/3232/13 3142/3233/13 3143/3234/13 3144/3235/13 3145/3236/13 3146/3237/13 3147/3238/13 3148/3239/13 3149/3240/13 3150/3241/13 3151/3242/13 3152/3243/13
f 3153/3244/9 3154/3245/9 3155/3246/9 3156/3247/9 3157/3248/9 3158/3249/9 3159/3250/9 3160/3251/9 3161/3252/9 3162/3253/9 3163/3254/9 3164/3255/9 3165/3256/9 3166/3257/9 3167/3258/9 3168/3259/9 3169/3260/9 3170/3261/9 3171/3262/9 3172/3263/9 3173/3264/9 3174/3265/9 3175/3266/9 3176/3267/9 3072/3268/9 3071/3269/9 3177/3270/9 3178/3271/9 3179/3272/9 3180/3273/9 3181/3274/9 3182/3275/9 3183/3276/9 3184/3277/9 3185/3278/9 3186/3279/9 3187/3280/9 3188/3281/9 3189/3282/9 3190/3283/9 3191/3284/9 3192/3285/9 3193/3286/9 3194/3287/9
f 3195/3288/14 3196/3289/14 3197/3290/14 3198/3291/14 3199/3292/14 3200/3293/14 3201/3294/14 3202/3295/14 3203/3296/14 3204/3297/14 3205/3298/14 3206/3299/14 3207/3300/14 3208/3301/14 3209/3302/14 3210/3303/14 3211/3304/14 3212/3305/14 3213/3306/14 3214/3307/14 3215/3308/14 3216/3309/14 3217/3310/14 3218/3311/14 3219/3312/14 3220/3313/14 3221/3314/14 3222/3315/14 3223/3316/14 3224/3317/14 3225/3318/14 3226/3319/14 3227/3320/14 3228/3321/14 3229/3322/14 3230/3323/14 3231/3324/14 3232/3325/14 3233/3326/14 3234/3327/14 3235/3328/14 3236/3329/14 3237/3330/14 3238/3331/14 3156/3332/14 3155/3333/14 3239/3334/14 3240/3335/14 3241/3336/14 3242/3337/14 3243/3338/14 3244/3339/14 3245/3340/14 3246/3341/14 3247/3342/14 3248/3343/14 3249/3344/14 3250/3345/14 3251/3346/14 3252/3347/14 3253/3348/14 3254/3349/14 3255/3350/14 3256/3351/14 3257/3352/14 3258/3353/14 3259/3354/14 3260/3355/14 3261/3356/14 3262/3357/14 3263/3358/14 3264/3359/14 3265/3360/14 3266/3361/14 3267/3362/14 3268/3363/14 3269/3364/14 3270/3365/14 3271/3366/14 3272/3367/14 3273/3368/14 3274/3369/14 3275/3370/14 3276/3371/14
f 3277/3372/11 3278/3373/11 3114/3374/11 3113/3375/11 3279/3376/11 3280/3377/11 3281/3378/11 3282/3379/11 3283/3380/11 3284/3381/11 3285/3382/11 3286/3383/11 3287/3384/11 3288/3385/11 3289/3386/11 3290/3387/11 3291/3388/11 3292/3389/11 3293/3390/11 3294/3391/11 3295/3392/11 3296/3393/11 3297/3394/11 3298/3395/11 3198/3396/11 3197/3397/11 3299/3398/11 3300/3399/11 3301/3400/11 3302/3401/11 3303/3402/11 3304/3403/11 3305/3404/11 3306/3405/11 3307/3406/11 3308/3407/11 3309/3408/11 3310/3409/11 3311/3410/11 3312/3411/11 3313/3412/11 3314/3413/11 3315/3414/11 3316/3415/11
f 3317/3416/13 3318/3417/13 3319/3418/13 3320/3419/13 3321/3420/13 3322/3421/13 3323/3422/13 3324/3423/13 3325/3424/13 3326/3425/13 3327/3426/13 3328/3427/13 3329/3428/13 3330/3429/13 3331/3430/13 3332/3431/13 3333/3432/13 3334/3433/13 3335/3434/13 3336/3435/13 3337/3436/13 3338/3437/13 3339/3438/13 3340/3439/13 3341/3440/13 3342/3441/13 3343/3442/13 3344/3443/13 3345/3444/13 3346/3445/13 3347/3446/13 3348/3447/13 3349/3448/13 3350/3449/13 3351/3450/13 3352/3451/13 3353/3452/13 3354/3453/13 3355/3454/13 3356/3455/13 3357/3456/13 3358/3457/13 3359/3458/13 3360/3459/13 3361/3460/13 3362/3461/13 3363/3462/13 3364/3463/13 3365/3464/13 3366/3465/13 3367/3466/13 3368/3467/13 3369/3468/13 3370/3469/13 3371/3470/13 3372/3471/13 3373/3472/13 3374/3473/13 3375/3474/13 3376/3475/13 3377/3476/13 3378/3477/13 3379/3478/13 3380/3479/13 3381/3480/13 3382/3481/13 3383/3482/13 3384/3483/13 3385/3484/13 3386/3485/13 3387/3486/13 3388/3487/13 3389/3488/13 3390/3489/13 3391/3490/13 3392/3491/13 3393/3492/13 3394/3493/13 3395/3494/13 3396/3495/13 3397/3496/13 3398/3497/13 3399/3498/13 3400/3499/13
f 3401/3500/9 3402/3501/9 3403/3502/9 3404/3503/9 3405/3504/9 3406/3505/9 3407/3506/9 3408/3507/9 3409/3508/9 3410/3509/9 3411/3510/9 3412/3511/9 3413/3512/9 3414/3513/9 3415/3514/9 3416/3515/9 3417/3516/9 3418/3517/9 3419/3518/9 3420/3519/9 3421/3520/9 3422/3521/9 3423/3522/9 3424/3523/9 3320/3524/9 3319/3525/9 3425/3526/9 3426/3527/9 3427/3528/9 3428/3529/9 3429/3530/9 3430/3531/9 3431/3532/9 3432/3533/9 3433/3534/9 3434/3535/9 3435/3536/9 3436/3537/9 3437/3538/9 3438/3539/9 3439/3540/9 3440/3541/9 3441/3542/9 3442/3543/9
f 3443/3544/14 3444/3545/14 3445/3546/14 3446/3547/14 3447/3548/14 3448/3549/14 3449/3550/14 3450/3551/14 3451/3552/14 3452/3553/14 3453/3554/14 3454/3555/14 3455/3556/14 3456/3557/14 3457/3558/14 3458/3559/14 3459/3560/14 3460/3561/14 3461/3562/14 3462/3563/14 3463/3564/14 3464/3565/14 3465/3566/14 3466/3567/14 3467/3568/14 3468/3569/14 3469/3570/14 3470/3571/14 3471/3572/14 3472/3573/14 3473/3574/14 3474/3575/14 3475/3576/14 3476/3577/14 3477/3578/14 3478/3579/14 3479/3580/14 3480/3581/14 3481/3582/14 3482/3583/14 3483/3584/14 3484/3585/14 3485/3586/14 3486/3587/14 3404/3588/14 3403/3589/14 3487/3590/14 3488/3591/14 3489/3592/14 3490/3593/14 3491/3594/14 3492/3595/14 3493/3596/14 3494/3597/14 3495/3598/14 3496/3599/14 3497/3600/14 3498/3601/14 3499/3602/14 3500/3603/14 3501/3604/14 3502/3605/14 3503/3606/14 3504/3607/14 3505/3608/14 3506/3609/14 3507/3610/14 3508/3611/14 3509/3612/14 3510/3613/14 3511/3614/14 3512/3615/14 3513/3616/14 3514/3617/14 3515/3618/14 3516/3619/14 3517/3620/14 3518/3621/14 3519/3622/14 3520/3623/14 3521/3624/14 3522/3625/14 3523/3626/14 3524/3627/14
f 3525/3628/11 3526/3629/11 3362/3630/11 3361/3631/11 3527/3632/11 3528/3633/11 3529/3634/11 3530/3635/11 3531/3636/11 3532/3637/11 3533/3638/11 3534/3639/11 3535/3640/11 3536/3641/11 3537/3642/11 3538/3643/11 3539/3644/11 3540/3645/11 3541/3646/11 3542/3647/11 3543/3648/11 3544/3649/11 3545/3650/11 3546/3651/11 3446/3652/11 3445/3653/11 3547/3654/11 3548/3655/11 3549/3656/11 3550/3657/11 3551/3658/11 3552/3659/11 3553/3660/11 3554/3661/11 3555/3662/11 3556/3663/11 3557/3664/11 3558/3665/11 3559/3666/11 3560/3667/11 3561/3668/11 3562/3669/11 3563/3670/11 3564/3671/11
f 3565/3672/9 3566/3673/9 3567/3674/9 3568/3675/9 3569/3676/9 3570/3677/9 3571/3678/9 3572/3679/9 3573/3680/9 3574/3681/9 3575/3682/9 3576/3683/9 3577/3684/9 3578/3685/9 3579/3686/9 3580/3687/9 3581/3688/9 3582/3689/9 3583/3690/9 3584/3691/9 3585/3692/9 3586/3693/9 3587/3694/9 3588/3695/9 3589/3696/9 3590/3697/9 3591/3698/9 3592/3699/9 3593/3700/9 3594/3701/9 3595/3702/9 3596/3703/9 3597/3704/9 3598/3705/9 3599/3706/9 3600/3707/9 3601/3708/9 3602/3709/9 3603/3710/9 3604/3711/9 3605/3712/9 3606/3713/9 3607/3714/9 3608/3715/9 3609/3716/9 3610/3717/9 3611/3718/9 3612/3719/9
f 3613/3720/13 3614/3721/13 3615/3722/13 3616/3723/13 3617/3724/13 3618/3725/13 3619/3726/13 3620/3727/13 3621/3728/13 3622/3729/13 3623/3730/13 3624/3731/13 3625/3732/13 3626/3733/13 3627/3734/13 3628/3735/13 3629/3736/13 3630/3737/13 3631/3738/13 3632/3739/13 3633/3740/13 3634/3741/13 3635/3742/13 3636/3743/13 3637/3744/13 3638/3745/13 3639/3746/13 3640/3747/13 3641/3748/13 3642/3749/13 3643/3750/13 3644/3751/13 3645/3752/13 3646/3753/13 3647/3754/13 3648/3755/13 3649/3756/13 3650/3757/13 3651/3758/13 3652/3759/13 3653/3760/13 3654/3761/13 3655/3762/13 3656/3763/13 3657/3764/13 3568/3765/13 3567/3766/13 3658/3767/13 3659/3768/13 3660/3769/13 3661/3770/13 3662/3771/13 3663/3772/13 3664/3773/13 3665/3774/13 3666/3775/13 3667/3776/13 3668/3777/13 3669/3778/13 3670/3779/13 3671/3780/13 3672/3781/13 3673/3782/13 3674/3783/13 3675/3784/13 3676/3785/13 3677/3786/13 3678/3787/13 3679/3788/13 3680/3789/13 3681/3790/13 3682/3791/13 3683/3792/13 3684/3793/13 3685/3794/13 3686/3795/13 3687/3796/13 3688/3797/13 3689/3798/13 3690/3799/13 3691/3800/13 3692/3801/13 3693/3802/13 3694/3803/13 3695/3804/13 3696/3805/13
f 3697/3806/11 3698/3807/11 3699/3808/11 3700/3809/11 3701/3810/11 3702/3811/11 3703/3812/11 3704/3813/11 3705/3814/11 3706/3815/11 3707/3816/11 3708/3817/11 3709/3818/11 3710/3819/11 3711/3820/11 3712/3821/11 3713/3822/11 3714/3823/11 3715/3824/11 3716/3825/11 3717/3826/11 3718/3827/11 3719/3828/11 3720/3829/11 3721/3830/11 3722/3831/11 3616/3832/11 3615/3833/11 3723/3834/11 3724/3835/11 3725/3836/11 3726/3837/11 3727/3838/11 3728/3839/11 3729/3840/11 3730/3841/11 3731/3842/11 3732/3843/11 3733/3844/11 3734/3845/11 3735/3846/11 3736/3847/11 3737/3848/11 3738/3849/11 3739/3850/11 3740/3851/11 3741/3852/11 3742/3853/11
f 3743/3854/14 3744/3855/14 3592/3856/14 3591/3857/14 3745/3858/14 3746/3859/14 3747/3860/14 3748/3861/14 3749/3862/14 3750/3863/14 3751/3864/14 3752/3865/14 3753/3866/14 3754/3867/14 3755/3868/14 3756/3869/14 3757/3870/14 3758/3871/14 3759/3872/14 3760/3873/14 3761/3874/14 3762/3875/14 3763/3876/14 3764/3877/14 3765/3878/14 3766/3879/14 3767/3880/14 3768/3881/14 3769/3882/14 3770/3883/14 3771/3884/14 3772/3885/14 3773/3886/14 3774/3887/14 3775/3888/14 3776/3889/14 3777/3890/14 3778/3891/14 3779/3892/14 3780/3893/14 3781/3894/14 3782/3895/14 3783/3896/14 3784/3897/14 3785/3898/14 3700/3899/14 3699/3900/14 3786/3901/14 3787/3902/14 3788/3903/14 3789/3904/14 3790/3905/14 3791/3906/14 3792/3907/14 3793/3908/14 3794/3909/14 3795/3910/14 3796/3911/14 3797/3912/14 3798/3913/14 3799/3914/14 3800/3915/14 3801/3916/14 3802/3917/14 3803/3918/14 3804/3919/14 3805/3920/14 3806/3921/14 3807/3922/14 3808/3923/14 3809/3924/14 3810/3925/14 3811/3926/14 3812/3927/14 3813/3928/14 3814/3929/14 3815/3930/14 3816/3931/14 3817/3932/14 3818/3933/14 3819/3934/14 3820/3935/14 3821/3936/14 3822/3937/14 3823/3938/14 3824/3939/14
f 3825/3940/12 3826/3941/12 3827/3942/12 3828/3943/12
f 3829/3944/12 3825/3940/12 3828/3943/12
f 3830/3945/12 3825/3940/12 3829/3944/12
f 3831/3946/12 3827/3942/12 3832/3947/12 3833/3948/12
f 3834/3949/12 3831/3946/12 3835/3950/12
f 3832/3947/12 3827/3942/12 3826/3941/12
f 3830/3945/12 3829/3944/12 3836/3951/12
f 3836/3951/12 3837/3952/12 3838/3953/12 3830/3945/12
f 3831/3946/12 3833/3948/12 3835/3950/12
f 3839/3954/12 3834/3949/12 3835/3950/12
f 3840/3955/12 3841/3956/12 3839/3954/12
f 3834/3949/12 3839/3954/12 3841/3956/12
f 3842/3957/12 3841/3956/12 3840/3955/12 3843/3958/12
f 3842/3957/12 3844/3959/12 3845/3960/12
f 3842/3957/12 3843/3958/12 3844/3959/12
f 3846/3961/12 3845/3960/12 3847/3962/12
f 3845/3960/12 3844/3959/12 3847/3962/12
f 3848/3963/12 3849/3964/12 3850/3965/12 3846/3961/12
f 3846/3961/12 3847/3962/12 3848/3963/12
f 3851/3966/12 3850/3965/12 3849/3964/12
f 3852/3967/12 3851/3966/12 3849/3964/12 3853/3968/12
f 3853/3968/12 3854/3969/12 3855/3970/12 3852/3967/12
f 3856/3971/12 3838/3953/12 3837/3952/12 3857/3972/12
f 3857/3972/12 3858/3973/12 3859/3974/12 3856/3971/12
f 3859/3974/12 3858/3973/12 3860/3975/12
f 3861/3976/12 3859/3974/12 3860/3975/12
f 3862/3977/12 3861/3976/12 3863/3978/12 3864/3979/12
f 3861/3976/12 3860/3975/12 3863/3978/12
f 3865/3980/12 3862/3977/12 3864/3979/12
f 3864/3979/12 3866/3981/12 3867/3982/12 3865/3980/12
f 3868/3983/12 3867/3982/12 3866/3981/12 3869/3984/12
f 3870/3985/12 3868/3983/12 3869/3984/12
f 3871/3986/12 3872/3987/12 3870/3985/12
f 3873/3988/12 3855/3970/12 3854/3969/12 3874/3989/12
f 3873/3988/12 3874/3989/12 3875/3990/12
f 3876/3991/12 3877/3992/12 3878/3993/12
f 3878/3993/12 3872/3987/12 3871/3986/12 3876/3991/12
f 3879/3994/12 3877/3992/12 3876/3991/12
f 3874/3989/12 3880/3995/12 3881/3996/12 3875/3990/12
f 3880/3995/12 3882/3997/12 3879/3994/12 3881/3996/12
f 3879/3994/12 3882/3997/12 3877/3992/12
f 3871/3986/12 3870/3985/12 3869/3984/12
f 3883/3998/12 3884/3999/12 3885/4000/12 3886/4001/12
f 3887/4002/12 3883/3998/12 3886/4001/12
f 3888/4003/12 3883/3998/12 3887/4002/12
f 3889/4004/12 3885/4000/12 3890/4005/12 3891/4006/12
f 3892/4007/12 3893/4008/12 3894/4009/12
f 3889/4004/12 3894/4009/12 3893/4008/12
f 3894/4009/12 3889/4004/12 3891/4006/12
f 3884/3999/12 3890/4005/12 3885/4000/12
f 3888/4003/12 3887/4002/12 3895/4010/12
f 3896/4011/12 3895/4010/12 3897/4012/12
f 3895/4010/12 3896/4011/12 3888/4003/12
f 3898/4013/12 3899/4014/12 3900/4015/12
f 3893/4008/12 3892/4007/12 3900/4015/12
f 3899/4014/12 3901/4016/12 3902/4017/12
f 3903/4018/12 3902/4017/12 3904/4019/12 3905/4020/12
f 3901/4016/12 3904/4019/12 3902/4017/12
f 3906/4021/12 3903/4018/12 3905/4020/12
f 3900/4015/12 3892/4007/12 3898/4013/12
f 3898/4013/12 3907/4022/12 3899/4014/12
f 3901/4016/12 3899/4014/12 3907/4022/12
f 3908/4023/12 3906/4021/12 3905/4020/12
f 3909/4024/12 3906/4021/12 3908/4023/12
f 3910/4025/12 3909/4024/12 3908/4023/12 3911/4026/12
f 3911/4026/12 3912/4027/12 3913/4028/12 3910/4025/12
f 3914/4029/12 3896/4011/12 3897/4012/12
f 3915/4030/12 3916/4031/12 3917/4032/12 3914/4029/12
f 3917/4032/12 3916/4031/12 3918/4033/12
f 3919/4034/12 3917/4032/12 3918/4033/12 3920/4035/12
f 3921/4036/12 3919/4034/12 3920/4035/12 3922/4037/12
f 3923/4038/12 3921/4036/12 3922/4037/12
f 3922/4037/12 3924/4039/12 3925/4040/12 3923/4038/12
f 3926/4041/12 3925/4040/12 3924/4039/12 3927/4042/12
f 3928/4043/12 3926/4041/12 3927/4042/12
f 3929/4044/12 3930/4045/12 3928/4043/12
f 3931/4046/12 3913/4028/12 3912/4027/12 3932/4047/12
f 3931/4046/12 3932/4047/12 3933/4048/12
f 3934/4049/12 3935/4050/12 3936/4051/12
f 3936/4051/12 3930/4045/12 3929/4044/12 3934/4049/12
f 3937/4052/12 3935/4050/12 3934/4049/12
f 3932/4047/12 3938/4053/12 3939/4054/12 3933/4048/12
f 3938/4053/12 3940/4055/12 3937/4052/12 3939/4054/12
f 3937/4052/12 3940/4055/12 3935/4050/12
f 3929/4044/12 3928/4043/12 3927/4042/12
f 3915/4030/12 3914/4029/12 3897/4012/12
f 3941/4056/12 3942/4057/12 3943/4058/12 3944/4059/12
f 3945/4060/12 3941/4056/12 3944/4059/12
f 3946/4061/12 3941/4056/12 3945/4060/12
f 3947/4062/12 3943/4058/12 3948/4063/12 3949/4064/12
f 3950/4065/12 3947/4062/12 3949/4064/12 3951/4066/12
f 3948/4063/12 3943/4058/12 3942/4057/12
f 3946/4061/12 3945/4060/12 3952/4067/12
f 3953/4068/12 3952/4067/12 3954/4069/12
f 3952/4067/12 3953/4068/12 3946/4061/12
f 3955/4070/12 3950/4065/12 3951/4066/12
f 3956/4071/12 3957/4072/12 3955/4070/12
f 3950/4065/12 3955/4070/12 3957/4072/12
f 3958/4073/12 3957/4072/12 3956/4071/12 3959/4074/12
f 3960/4075/12 3958/4073/12 3959/4074/12 3961/4076/12
f 3962/4077/12 3960/4075/12 3963/4078/12 3964/4079/12
f 3960/4075/12 3961/4076/12 3963/4078/12
f 3964/4079/12 3965/4080/12 3966/4081/12 3962/4077/12
f 3967/4082/12 3966/4081/12 3965/4080/12
f 3968/4083/12 3967/4082/12 3965/4080/12 3969/4084/12
f 3969/4084/12 3970/4085/12 3971/4086/12 3968/4083/12
f 3954/4069/12 3972/4087/12 3953/4068/12
f 3972/4087/12 3973/4088/12 3974/4089/12 3975/4090/12
f 3974/4089/12 3973/4088/12 3976/4091/12
f 3977/4092/12 3974/4089/12 3976/4091/12 3978/4093/12
f 3978/4093/12 3979/4094/12 3977/4092/12
f 3980/4095/12 3979/4094/12 3981/4096/12
f 3978/4093/12 3981/4096/12 3979/4094/12
f 3982/4097/12 3980/4095/12 3981/4096/12
f 3982/4097/12 3983/4098/12 3984/4099/12
f 3983/4098/12 3982/4097/12 3985/4100/12
f 3982/4097/12 3984/4099/12 3980/4095/12
f 3986/4101/12 3983/4098/12 3985/4100/12
f 3987/4102/12 3988/4103/12 3986/4101/12
f 3989/4104/12 3971/4086/12 3970/4085/12 3990/4105/12
f 3989/4104/12 3990/4105/12 3991/4106/12
f 3992/4107/12 3993/4108/12 3994/4109/12
f 3988/4103/12 3992/4107/12 3994/4109/12
f 3992/4107/12 3988/4103/12 3987/4102/12
f 3995/4110/12 3993/4108/12 3992/4107/12
f 3990/4105/12 3996/4111/12 3997/4112/12 3991/4106/12
f 3997/4112/12 3996/4111/12 3998/4113/12
f 3998/4113/12 3995/4110/12 3997/4112/12
f 3995/4110/12 3998/4113/12 3993/4108/12
f 3987/4102/12 3986/4101/12 3985/4100/12
f 3975/4090/12 3953/4068/12 3972/4087/12
o Counter_object_84
v 31.500000 2.999999 -17.337500
v 27.916666 2.999999 -17.337500
v 27.916666 2.999999 -12.416667
v 31.500000 2.999999 -12.416667
v 34.166668 2.999999 -9.750000
v 28.250000 2.999999 -9.750000
v 28.250000 3.000000 -7.750000
v 36.166668 3.000000 -7.750000
v 34.166668 2.999999 -14.793750
v 36.166668 2.999999 -13.793750
v 36.166668 2.999999 -19.837500
v 34.166668 2.999999 -19.837500
vt 0.851351 0.743631
vt 0.754505 0.743631
vt 0.754505 0.554398
vt 0.851351 0.554398
vt 0.923423 0.451851
vt 0.763514 0.451851
vt 0.763514 0.374940
vt 0.977477 0.374940
vt 0.923423 0.645810
vt 0.977477 0.607355
vt 0.977477 0.839769
vt 0.923423 0.839769
vn 0.0000 1.0000 0.0000
g Counter_object_84_Counter_Top
usemtl Counter_Top
s 1
f 3999/4114/15 4000/4115/15 4001/4116/15 4002/4117/15
f 4003/4118/15 4004/4119/15 4005/4120/15 4006/4121/15
f 4007/4122/15 4003/4118/15 4006/4121/15 4008/4123/15
f 4008/4123/15 4009/4124/15 4010/4125/15 4007/4122/15
o Exterior_Wall_1_object_88
v 22.333334 0.000000 2.000000
v 37.000000 0.000000 2.000000
v 37.000000 10.000000 1.999999
v 22.333334 10.000000 1.999999
v 37.000000 -0.000002 -24.004168
v 37.000000 9.999998 -24.004168
v 0.000000 -0.000002 -24.004168
v 0.000000 9.999998 -24.004168
v 0.000000 -0.000002 -23.170834
v 0.000000 9.999998 -23.170834
v 0.000000 -0.000001 -9.750000
v 0.000000 0.000000 2.000000
v 0.000000 10.000000 1.999999
v 0.000000 9.999999 -9.750001
v 7.166667 0.000000 2.000000
v 7.166667 10.000000 1.999999
vt 0.603604 0.000000
vt 1.000000 0.000000
vt 1.000000 1.000000
vt 0.603604 1.000000
vt 0.000000 0.000000
vt 1.000000 0.000000
vt 1.000000 1.000000
vt 0.000000 1.000000
vt 0.000000 0.000000
vt 1.000000 0.000000
vt 1.000000 1.000000
vt 0.000000 1.000000
vt -0.000000 0.000000
vt 0.032046 0.000000
vt 0.032046 1.000000
vt -0.000000 1.000000
vt 0.548149 0.000000
vt 1.000000 0.000000
vt 1.000000 1.000000
vt 0.548149 1.000000
vt 0.000000 0.000000
vt 0.193694 0.000000
vt 0.193694 1.000000
vt 0.000000 1.000000
vn 0.0000 0.0000 1.0000
vn 1.0000 0.0000 0.0000
vn 0.0000 0.0000 -1.0000
vn -1.0000 0.0000 0.0000
g Exterior_Wall_1_object_88_Wall_1
usemtl Wall_1
s 1
f 4011/4126/16 4012/4127/16 4013/4128/16 4014/4129/16
f 4012/4130/17 4015/4131/17 4016/4132/17 4013/4133/17
f 4015/4134/18 4017/4135/18 4018/4136/18 4016/4137/18
f 4017/4138/19 4019/4139/19 4020/4140/19 4018/4141/19
f 4021/4142/19 4022/4143/19 4023/4144/19 4024/4145/19
f 4022/4146/16 4025/4147/16 4026/4148/16 4023/4149/16
o Ceiling_object_90
v 37.000000 9.999998 -24.004168
v 37.000000 10.000000 1.999999
v 0.000000 10.000000 1.999999
v 0.000000 9.999998 -24.004168
vt 0.000000 1.000000
vt 0.000000 0.000000
vt 1.000000 0.000000
vt 1.000000 1.000000
vn 0.0000 -1.0000 0.0000
g Ceiling_object_90_Ceiling
usemtl Ceiling
s 1
f 4027/4150/20 4028/4151/20 4029/4152/20 4030/4153/20
o object_1.004
v 37.000000 0.062960 -24.004168
v 0.000000 0.062960 -24.004168
v 0.000000 0.062962 2.000000
v 37.000000 0.062962 2.000000
vt 0.702815 -0.000000
vt 0.702815 1.000000
vt 0.000000 1.000000
vt 0.000000 -0.000000
vn 0.0000 1.0000 -0.0000
g object_1.004_object_1.004_diffuse_0_0_0_255.002
usemtl diffuse_0_0_0_255.002
s 1
f 4031/4154/21 4032/4155/21 4033/4156/21 4034/4157/21
